Workbook
Name Belen_de_los_Andaquies: '[1]BD listas'!$C$3:$C$18
Name Municipios: '[1]BD listas'!$B$3:$B$13
Name resguardos: '[1]BD listas'!$I$2:$I$12

Sheet HERRAMIENTA_SEGUIMIENTO
A9: PROYECTO DE RESTAURACIÓN ECOLÓGICA, REHABILITACIÓN Y RECUPERACIÓN DE ECOSISTEMAS DEGRADADOS
A10: HERRAMIENTA DE SEGUIMIENTO PROCESOS DE IMPLEMETACIÓN

Sheet T4_2025
C2: Indicadores de avances de implementaciones
A5: Código Predio | B5: Famila | C5: Municipio | D5: Vereda | E5: Hectáreas del predio | F5: Colinos (piña y plátano) | V5: Cacao | AK5: Forestales (viveros comunitarios) | AZ5: Frutales | BO5: 1. No. Nacimientos a aislar | BW5: Observaciones | BX5: 2. Área de nacimiento aislar (ha) | CF5: Observaciones | CG5: 3. Área de fuente hídrica a aislar (ha) | CP5: Observaciones | CQ5: 4. Sistemas silvopastoriles (Ha) | CY5: Observaciones | CZ5: 5. Cercas vivas (metros) | DH5: Observación | DI5: 6. División de Potrero (Número Potreros) | DR5: Observación | DS5: 7. # Potreros con Árboles Dispersos | DZ5: Observación | EA5: 8. Enriquecimiento de SAF (ha) | EI5: Observación | EJ5: 9. Implementación de SAF (ha) | ER5: Observación | ES5: 10. Corredor de Conectividad (ha) | FA5: Observación | FB5: 11. Adecuación de Biodigestor | FJ5: Observación | FK5: 12. Acueducto Ganadero (Metros) | FS5: Observación | FT5: 13. Abejas (# Colmenas) | GA5: Observación | GB5: 14. Enriquecimiento Rastrojo (Ha) | GJ5: Observación | GK5: 15. Enriquecimiento de Bosque (ha) | GS5: Observación | GT5: 16. Restauración de área degradada | HB5: Observación | HC5: 17. # Huertas sin cubierta | HK5: Observación | HL5: 18. # Huerta bajo cubierta | HT5: Observación | HU5: 19. # Gallinas Criollas | IC5: Observación | ID5: 20. Estufas Ecologicas | IE5: Observación | IF5: 21. Acumulado en restauración Ecológica | IN5: 22. Acumulado en rehabilitación Ecológica | IV5: 23. Cumplimiento Acuerdo de Conservación | IX5: Observación
F6: Barrera viva establecida control de la erosión (m) | G6: Meta | H6: Entregados T2 | I6: Entregados T3 | J6: Entregados T4 | K6: Entregados T1_2025 | L6: Entregados T2_2025 | M6: Entregados T3_2025 | N6: Entregados T4_2025 | O6: Sembrados T2 | P6: Sembrados T3 | Q6: Sembrados T4 | R6: Sembrado T1_2025 | S6: Sembrado T2_2025 | T6: Sembrado T3_2025 | U6: Sembrado T4_2025 | V6: Meta | W6: Entregados T2 | X6: Entregados T3 | Y6: Entregados T4 | Z6: Entregados T1_2025 | AA6: Entregados T2_2025 | AB6: Entregados T3_2025 | AC6: Entregados T4_2025 | AD6: Sembrados T2 | AE6: Sembrados T3 | AF6: Sembrados T4 | AG6: Sembrado T1_2025 | AH6: Sembrado T2_2025 | AI6: Sembrado T3_2025 | AJ6: Sembrado T4_2025 | AK6: Meta | AL6: Entregados T2 | AM6: Entregados T3 | AN6: Entregados T4 | AO6: Entregados T1_2025 | AP6: Entregados T2_2025 | AQ6: Entregados T3_2025 | AR6: Entregados T4_2025 | AS6: Sembrados T2 | AT6: Sembrados T3 | AU6: Sembrados T4 | AV6: Sembrado T1_2025 | AW6: Sembrado T2_2025 | AX6: Sembrado T3_2025 | AY6: Sembrado T4_2025 | AZ6: Meta | BA6: Entregados T2 | BB6: Entregados T3 | BC6: Entregados T4 | BD6: Entregados T1_2025 | BE6: Entregados T2_2025 | BF6: Entregados T3_2025 | BG6: Entregados T4_2025 | BH6: Sembrados T2 | BI6: Sembrados T3 | BJ6: Sembrados T4 | BK6: Sembrado T1_2025 | BL6: Sembrado T2_2025 | BM6: Sembrado T3_2025 | BN6: Sembrado T4_2025 | BO6: Meta | BP6: Avance T2 | BQ6: Avance T3 | BR6: Avance T3 | BS6: Avance T1_2025 | BT6: Avance T2_2025 | BU6: Avance T3_2025 | BV6: Avance T4_2025 | BX6: Meta | BY6: Avance T2 | BZ6: Avance T3 | CA6: Avance T4 | CB6: Avance T1_2025 | CC6: Avance T2_2025 | CD6: Avance T3_2025 | CE6: Avance T4_2025 | CG6: Meta | CH6: Avance T2 | CI6: Avance T3 | CJ6: Avance T4 | CK6: Avance T1_2025 | CL6: Avance T2_2025 | CM6: Avance T3_2025 | CN6: Avance T4_2025 | CQ6: Meta | CR6: Avance T2 | CS6: Avance T3 | CT6: Avance T4 | CU6: Avance_T1_2025 | CV6: Avance T2_2025 | CW6: Avance T3_2025 | CX6: Avance T4_2025 | CZ6: Meta | DA6: Avance T2 | DB6: Avance T3 | DC6: Avance T4 | DD6: Avance_T1_2025 | DE6: Avance T2_2025 | DF6: Avance T3_2025 | DG6: Avance T4_2025 | DI6: # Potreros Iniciales | DJ6: Meta # Potreros | DK6: Avance T2 | DL6: Avance T3 | DM6: Avance T4 | DN6: Avance_T1_2025 | DO6: Avance T2_2025 | DP6: Avance T3_2025 | DQ6: Avance T4_2025 | DS6: Avance T2 | DT6: Avance T3 | DU6: Avance T4 | DV6: Avance_T1_2025 | DW6: Avance T2_2025 | DX6: Avance T3_2025 | DY6: Avance T4_2025 | EA6: Meta | EB6: Avance T2 | EC6: Avance T3 | ED6: Avance T4 | EE6: Avance_T1_2025 | EF6: Avance T2_2025 | EG6: Avance T3_2025 | EH6: Avance T4_2025 | EJ6: Meta | EK6: Avance T2 | EL6: Avance T3 | EM6: Avance T4 | EN6: Avance_T1_2025 | EO6: Avance T2_2025 | EP6: Avance T3_2025 | EQ6: Avance T4_2025 | ES6: Meta | ET6: Avance T2 | EU6: Avance T3 | EV6: Avance T4 | EW6: Avance_T1_2025 | EX6: Avance T2_2025 | EY6: Avance T3_2025 | EZ6: Avance T4_2025 | FB6: Meta | FC6: Avance T2 | FD6: Avance T3 | FE6: Avance T4 | FF6: Avance_T1_2025 | FG6: Avance T2_2025 | FH6: Avance T3_2025 | FI6: Avance T4_2025 | FK6: Meta | FL6: Avance T2 | FM6: Avance T3 | FN6: Avance T4 | FO6: Avance_T1_2025 | FP6: Avance T2_2025 | FQ6: Avance T3_2025 | FR6: Avance T4_2025 | FT6: Avance T2 | FU6: Avance T3 | FV6: Avance T4 | FW6: Avance_T1_2025 | FX6: Avance T2_2025 | FY6: Avance T3_2025 | FZ6: Avance T4_2025 | GB6: Meta | GC6: Avance T2 | GD6: Avance T3 | GE6: Avance T4 | GF6: Avance_T1_2025 | GG6: Avance T2_2025 | GH6: Avance T3_2025 | GI6: Avance T4_2025 | GK6: Meta | GL6: Avance T2 | GM6: Avance T3 | GN6: Avance T4 | GO6: Avance_T1_2025 | GP6: Avance T2_2025 | GQ6: Avance T3_2025 | GR6: Avance T4_2025 | GT6: Meta | GU6: Avance T2 | GV6: Avance T3 | GW6: Avance T4 | GX6: Avance_T1_2025 | GY6: Avance T2_2025 | GZ6: Avance T3_2025 | HA6: Avance T4_2025 | HC6: Meta | HD6: Avance T2 | HE6: Avance T3 | HF6: Avance T4 | HG6: Avance_T1_2025 | HH6: Avance T2_2025 | HI6: Avance T3_2025 | HJ6: Avance T4_2025 | HL6: Meta | HM6: Avance T2 | HN6: Avance T3 | HO6: Avance T4 | HP6: Avance_T1_2025 | HQ6: Avance T2_2025 | HR6: Avance T3_2025 | HS6: Avance T4_2025 | HU6: Meta | HV6: Avance T2 | HW6: Avance T3 | HX6: Avance T4 | HY6: Avance_T1_2025 | HZ6: Avance T2_2025 | IA6: Avance T3_2025 | IB6: Avance T4_2025 | IF6: Meta | IG6: Avance T2 | IH6: Avance T3 | II6: Avance T4 | IJ6: Avance T1_2025 | IK6: Avance T2_2025 | IL6: Avance T3_2025 | IM6: Avance T4_2025 | IN6: Meta | IO6: Avance T2 | IP6: Avance T3 | IQ6: Avance T4 | IR6: Avance T1_2025 | IS6: Avance T2_2025 | IT6: Avance T3_2025 | IU6: Avance T4_2025 | IV6: Meta | IW6: % de cumplimiento
A7: 1 | B7: Hernán Manuel Castrillo Moscote | C7: Dibulla | D7: Caney (Comunidad De Santa Rita De La Sierra ) | E7: 20.1 | F7: 0 | G7: 750 | I7: 750 | O7: 0 | P7: 750 | V7: 0 | W7: 0 | AD7: 0 | AK7: 13332 | AL7: 0 | AM7: 0 | AN7: 936 | AP7: 6000 | AR7: 0 | AS7: 0 | AW7: 6000 | AX7: 936 | AZ7: 200 | BA7: 200 | BG7: 0 | BH7: 0 | BI7: 113 | BJ7: 87 | BN7: 0 | CG7: 2.3 | CH7: 0 | CL7: 1.2 | CN7: 1.1 | EJ7: 2.7 | EK7: 0.3 | EL7: 0.7 | EM7: 0.7 | EO7: 1 | EQ7: 0 | IF7: =BX7+CG7+GB7+GK7+GT7 -> 2.3 | IG7: =BY7+CH7+GC7+GL7+GU7 -> 0 | IH7: =BZ7+CI7+GD7+GM7+GV7 -> 0 | II7: =CA7+CJ7+GE7+GN7+GW7 -> 0 | IJ7: =CB7+CK7+GF7+GO7+GX7 -> 0 | IK7: =CC7+CL7+GG7+GP7+GY7 -> 1.2 | IL7: =CD7+CM7+GH7+GQ7+GZ7 -> 0 | IM7: =CE7+CN7+GI7+GR7+HA7 -> 1.1 | IN7: =CQ7+EA7+EJ7+ES7 -> 2.7 | IO7: =CR7+EB7+EK7+ET7 -> 0.3 | IP7: =CS7+EC7+EL7+EU7 -> 0.7 | IQ7: =CT7+ED7+EM7+EV7 -> 0.7 | IR7: =CU7+EE7+EN7+EW7 -> 0 | IS7: =CV7+EF7+EO7+EX7 -> 1 | IT7: =CW7+EG7+EP7+EY7 -> 0 | IU7: =CX7+EH7+EQ7+EZ7 -> 0 | IV7: 0 | IW7: 1
A8: 2 | B8: Rebeca Hesther Rolón Sierra | C8: Dibulla | D8: Caney (Comunidad De Santa Rita De La Sierra ) | E8: 20.1 | F8: 0 | G8: =500+250 -> 750 | I8: 500 | O8: 0 | P8: 500 | V8: 633 | X8: 633 | AA8: 633 | AD8: 0 | AF8: 120 | AH8: 633 | AJ8: 513 | AK8: 1198 | AL8: 0 | AN8: 200 | AQ8: 998 | AR8: 200 | AS8: 0 | AY8: 1398 | AZ8: 0 | BA8: 0 | BG8: 30 | BH8: 0 | BN8: 30 | CG8: 2.2 | CH8: 0 | CL8: 0.5 | CN8: 1.7 | EJ8: 3 | EK8: 0 | EO8: 3 | EQ8: 0 | IF8: =BX8+CG8+GB8+GK8+GT8 -> 2.2 | IG8: =BY8+CH8+GC8+GL8+GU8 -> 0 | IH8: =BZ8+CI8+GD8+GM8+GV8 -> 0 | II8: =CA8+CJ8+GE8+GN8+GW8 -> 0 | IJ8: =CB8+CK8+GF8+GO8+GX8 -> 0 | IK8: =CC8+CL8+GG8+GP8+GY8 -> 0.5 | IL8: =CD8+CM8+GH8+GQ8+GZ8 -> 0 | IM8: =CE8+CN8+GI8+GR8+HA8 -> 1.7 | IN8: =CQ8+EA8+EJ8+ES8 -> 3 | IO8: =CR8+EB8+EK8+ET8 -> 0 | IP8: =CS8+EC8+EL8+EU8 -> 0 | IQ8: =CT8+ED8+EM8+EV8 -> 0 | IR8: =CU8+EE8+EN8+EW8 -> 0 | IS8: =CV8+EF8+EO8+EX8 -> 3 | IT8: =CW8+EG8+EP8+EY8 -> 0 | IU8: =CX8+EH8+EQ8+EZ8 -> 0 | IV8: 3.7 | IW8: 1
A9: 3 | B9: Cristo Humberto Guarín Rincón | C9: Dibulla | D9: Caney (Comunidad De Santa Rita De La Sierra ) | E9: 19.6 | F9: 12.5 | G9: =1500+600 -> 2100 | I9: 1500 | O9: 750 | P9: 750 | V9: 703 | W9: 0 | X9: 703 | AD9: 0 | AF9: 120 | AJ9: 583 | AK9: 2917 | AL9: 0 | AN9: 599 | AQ9: 1413 | AR9: 599 | AS9: 0 | AY9: 2611 | AZ9: 113 | BA9: 113 | BG9: 0 | BH9: 0 | BI9: 50 | BJ9: 63 | BN9: 0 | CG9: 2.4 | CH9: 0 | CL9: 0.5 | CN9: 1.9 | EJ9: 2.6 | EK9: 0.5 | EL9: 0.5 | EP9: 1 | EQ9: 0.6 | IF9: =BX9+CG9+GB9+GK9+GT9 -> 2.4 | IG9: =BY9+CH9+GC9+GL9+GU9 -> 0 | IH9: =BZ9+CI9+GD9+GM9+GV9 -> 0 | II9: =CA9+CJ9+GE9+GN9+GW9 -> 0 | IJ9: =CB9+CK9+GF9+GO9+GX9 -> 0 | IK9: =CC9+CL9+GG9+GP9+GY9 -> 0.5 | IL9: =CD9+CM9+GH9+GQ9+GZ9 -> 0 | IM9: =CE9+CN9+GI9+GR9+HA9 -> 1.9 | IN9: =CQ9+EA9+EJ9+ES9 -> 2.6 | IO9: =CR9+EB9+EK9+ET9 -> 0.5 | IP9: =CS9+EC9+EL9+EU9 -> 0.5 | IQ9: =CT9+ED9+EM9+EV9 -> 0 | IR9: =CU9+EE9+EN9+EW9 -> 0 | IS9: =CV9+EF9+EO9+EX9 -> 0 | IT9: =CW9+EG9+EP9+EY9 -> 1 | IU9: =CX9+EH9+EQ9+EZ9 -> 0.6 | IV9: 0 | IW9: 1
A10: 4 | B10: Wilson Guarín Pérez | C10: Dibulla | D10: Caney (Comunidad De Santa Rita De La Sierra ) | E10: 17.9 | F10: 12.5 | G10: =1500+800 -> 2300 | I10: 1500 | O10: 750 | P10: 750 | V10: 0 | W10: 0 | AD10: 0 | AK10: 2670 | AL10: 0 | AN10: 299 | AQ10: 1803 | AR10: 299 | AS10: 0 | AY10: 2401 | AZ10: 289 | BA10: 113 | BG10: 0 | BH10: 0 | BI10: 50 | BJ10: 63 | BN10: 0 | CG10: 0.8 | CL10: 0 | CN10: 0.8 | EJ10: 2 | EK10: 0 | EL10: 0.5 | EM10: 0.5 | EO10: 0.5 | EP10: 0.5 | EQ10: 0 | IF10: =BX10+CG10+GB10+GK10+GT10 -> 0.8 | IG10: =BY10+CH10+GC10+GL10+GU10 -> 0 | IH10: =BZ10+CI10+GD10+GM10+GV10 -> 0 | II10: =CA10+CJ10+GE10+GN10+GW10 -> 0 | IJ10: =CB10+CK10+GF10+GO10+GX10 -> 0 | IK10: =CC10+CL10+GG10+GP10+GY10 -> 0 | IL10: =CD10+CM10+GH10+GQ10+GZ10 -> 0 | IM10: =CE10+CN10+GI10+GR10+HA10 -> 0.8 | IN10: =CQ10+EA10+EJ10+ES10 -> 2 | IO10: =CR10+EB10+EK10+ET10 -> 0 | IP10: =CS10+EC10+EL10+EU10 -> 0.5 | IQ10: =CT10+ED10+EM10+EV10 -> 0.5 | IR10: =CU10+EE10+EN10+EW10 -> 0 | IS10: =CV10+EF10+EO10+EX10 -> 0.5 | IT10: =CW10+EG10+EP10+EY10 -> 0.5 | IU10: =CX10+EH10+EQ10+EZ10 -> 0 | IV10: 1.6 | IW10: 1
A11: 5 | B11: Jorge Elías Fornieles Navarro | C11: Dibulla | D11: Caney (Comunidad De Santa Rita De La Sierra ) | E11: 18 | F11: 4 | G11: 750 | I11: 750 | O11: 250 | P11: 0 | Q11: 250 | T11: 250 | V11: 0 | W11: 0 | AD11: 0 | AK11: 2540 | AL11: 0 | AN11: 820 | AO11: 720 | AP11: 1540 | AR11: 0 | AS11: 0 | AW11: 1540 | AX11: 980 | AY11: 560 | AZ11: 125 | BA11: 125 | BG11: 0 | BH11: 0 | BI11: 0 | BM11: 125 | BN11: 0 | CG11: 1.6 | CL11: 0.5 | CN11: 1.1 | EJ11: 1 | EK11: 0 | EL11: 0.5 | EM11: 0.5 | EQ11: 0 | IF11: =BX11+CG11+GB11+GK11+GT11 -> 1.6 | IG11: =BY11+CH11+GC11+GL11+GU11 -> 0 | IH11: =BZ11+CI11+GD11+GM11+GV11 -> 0 | II11: =CA11+CJ11+GE11+GN11+GW11 -> 0 | IJ11: =CB11+CK11+GF11+GO11+GX11 -> 0 | IK11: =CC11+CL11+GG11+GP11+GY11 -> 0.5 | IL11: =CD11+CM11+GH11+GQ11+GZ11 -> 0 | IM11: =CE11+CN11+GI11+GR11+HA11 -> 1.1 | IN11: =CQ11+EA11+EJ11+ES11 -> 1 | IO11: =CR11+EB11+EK11+ET11 -> 0 | IP11: =CS11+EC11+EL11+EU11 -> 0.5 | IQ11: =CT11+ED11+EM11+EV11 -> 0.5 | IR11: =CU11+EE11+EN11+EW11 -> 0 | IS11: =CV11+EF11+EO11+EX11 -> 0 | IT11: =CW11+EG11+EP11+EY11 -> 0 | IU11: =CX11+EH11+EQ11+EZ11 -> 0 | IV11: 3.9 | IW11: 1
A12: 6 | B12: Nuri Contreras Baldovino | C12: Dibulla | D12: Comunidad de Santa Rita | E12: 17.9 | F12: 29.8 | G12: =1000+600 -> 1600 | I12: 1000 | O12: 0 | P12: 0 | Q12: 1000 | V12: 0 | W12: 0 | AD12: 0 | AK12: 2119 | AL12: 0 | AN12: 205 | AQ12: 1914 | AR12: 205 | AS12: 0 | AY12: 2324 | AZ12: 113 | BA12: 113 | BG12: 0 | BH12: 0 | BI12: 50 | BJ12: 63 | BN12: 0 | CG12: 1.1 | CL12: 0.5 | CN12: 0.6 | EJ12: 2 | EK12: 0 | EL12: 0.5 | EQ12: 1.5 | IF12: =BX12+CG12+GB12+GK12+GT12 -> 1.1 | IG12: =BY12+CH12+GC12+GL12+GU12 -> 0 | IH12: =BZ12+CI12+GD12+GM12+GV12 -> 0 | II12: =CA12+CJ12+GE12+GN12+GW12 -> 0 | IJ12: =CB12+CK12+GF12+GO12+GX12 -> 0 | IK12: =CC12+CL12+GG12+GP12+GY12 -> 0.5 | IL12: =CD12+CM12+GH12+GQ12+GZ12 -> 0 | IM12: =CE12+CN12+GI12+GR12+HA12 -> 0.6 | IN12: =CQ12+EA12+EJ12+ES12 -> 2 | IO12: =CR12+EB12+EK12+ET12 -> 0 | IP12: =CS12+EC12+EL12+EU12 -> 0.5 | IQ12: =CT12+ED12+EM12+EV12 -> 0 | IR12: =CU12+EE12+EN12+EW12 -> 0 | IS12: =CV12+EF12+EO12+EX12 -> 0 | IT12: =CW12+EG12+EP12+EY12 -> 0 | IU12: =CX12+EH12+EQ12+EZ12 -> 1.5 | IV12: 0 | IW12: 1
A13: 7 | B13: Pastora María Cantillo Vergel | C13: Dibulla | D13: Larga La Vida | E13: 86.7 | F13: 8.4 | G13: 1500 | I13: 1500 | O13: 500 | P13: 1000 | V13: 703 | W13: 0 | Y13: 703 | AD13: 0 | AF13: 120 | AG13: 240 | AJ13: 343 | AK13: 4784 | AL13: 2079 | AN13: 288 | AR13: 2417 | AS13: 0 | AT13: 1370 | AY13: 3414 | AZ13: 50 | BA13: 0 | BG13: 0 | BH13: 0 | BN13: 0 | CG13: 1.6 | CH13: 0 | CJ13: 1 | CL13: 0 | CN13: 0.6 | EJ13: 9 | EK13: 0.6 | EL13: 0.3 | EP13: 3 | EQ13: 5.1 | IF13: =BX13+CG13+GB13+GK13+GT13 -> 1.6 | IG13: =BY13+CH13+GC13+GL13+GU13 -> 0 | IH13: =BZ13+CI13+GD13+GM13+GV13 -> 0 | II13: =CA13+CJ13+GE13+GN13+GW13 -> 1 | IJ13: =CB13+CK13+GF13+GO13+GX13 -> 0 | IK13: =CC13+CL13+GG13+GP13+GY13 -> 0 | IL13: =CD13+CM13+GH13+GQ13+GZ13 -> 0 | IM13: =CE13+CN13+GI13+GR13+HA13 -> 0.6 | IN13: =CQ13+EA13+EJ13+ES13 -> 9 | IO13: =CR13+EB13+EK13+ET13 -> 0.6 | IP13: =CS13+EC13+EL13+EU13 -> 0.3 | IQ13: =CT13+ED13+EM13+EV13 -> 0 | IR13: =CU13+EE13+EN13+EW13 -> 0 | IS13: =CV13+EF13+EO13+EX13 -> 0 | IT13: =CW13+EG13+EP13+EY13 -> 3 | IU13: =CX13+EH13+EQ13+EZ13 -> 5.1 | IV13: 20 | IW13: 1
A14: 8 | B14: Carlos Antonio Cantillo Romero | C14: Dibulla | D14: Larga La Vida | E14: 19.3 | F14: 25 | G14: 1500 | I14: 1500 | O14: 1500 | V14: 703 | W14: 0 | Y14: 703 | AD14: 0 | AF14: 300 | AG14: 120 | AJ14: 283 | AK14: 6284 | AL14: 1774 | AN14: 625 | AR14: 3885 | AS14: 0 | AT14: 700 | AU14: 918 | AY14: 4666 | AZ14: 50 | BA14: 0 | BG14: 0 | BH14: 0 | BN14: 0 | CG14: 1.8 | CH14: 0 | CJ14: 1 | CL14: 0 | CN14: 0.8 | EJ14: 3.8 | EK14: 0.6 | EL14: 0.3 | EP14: 2 | EQ14: 0.9 | IF14: =BX14+CG14+GB14+GK14+GT14 -> 1.8 | IG14: =BY14+CH14+GC14+GL14+GU14 -> 0 | IH14: =BZ14+CI14+GD14+GM14+GV14 -> 0 | II14: =CA14+CJ14+GE14+GN14+GW14 -> 1 | IJ14: =CB14+CK14+GF14+GO14+GX14 -> 0 | IK14: =CC14+CL14+GG14+GP14+GY14 -> 0 | IL14: =CD14+CM14+GH14+GQ14+GZ14 -> 0 | IM14: =CE14+CN14+GI14+GR14+HA14 -> 0.8 | IN14: =CQ14+EA14+EJ14+ES14 -> 3.8 | IO14: =CR14+EB14+EK14+ET14 -> 0.6 | IP14: =CS14+EC14+EL14+EU14 -> 0.3 | IQ14: =CT14+ED14+EM14+EV14 -> 0 | IR14: =CU14+EE14+EN14+EW14 -> 0 | IS14: =CV14+EF14+EO14+EX14 -> 0 | IT14: =CW14+EG14+EP14+EY14 -> 2 | IU14: =CX14+EH14+EQ14+EZ14 -> 0.9 | IV14: 5 | IW14: 1
A15: 9 | B15: Edwin Elías Nieves Mendoza | C15: Dibulla | D15: Larga La Vida | E15: 10.1 | F15: 25 | G15: =1500+300 -> 1800 | I15: 1500 | O15: 1500 | P15: 0 | V15: 703 | W15: 0 | X15: 703 | AD15: 0 | AF15: 703 | AK15: 6838 | AL15: 5038 | AN15: 335 | AQ15: 1465 | AR15: 0 | AS15: 5038 | AY15: 1800 | AZ15: 175 | BA15: 0 | BF15: 120 | BG15: 0 | BH15: 0 | BM15: 120 | BN15: 0 | CG15: 2.5 | CJ15: 2.5 | CL15: 0 | CN15: 0 | EJ15: 3.3 | EK15: 0.6 | EL15: 0.4 | EP15: 1 | EQ15: 1.3 | FV15: 1 | HC15: 1 | HH15: 1 | IF15: =BX15+CG15+GB15+GK15+GT15 -> 2.5 | IG15: =BY15+CH15+GC15+GL15+GU15 -> 0 | IH15: =BZ15+CI15+GD15+GM15+GV15 -> 0 | II15: =CA15+CJ15+GE15+GN15+GW15 -> 2.5 | IJ15: =CB15+CK15+GF15+GO15+GX15 -> 0 | IK15: =CC15+CL15+GG15+GP15+GY15 -> 0 | IL15: =CD15+CM15+GH15+GQ15+GZ15 -> 0 | IM15: =CE15+CN15+GI15+GR15+HA15 -> 0 | IN15: =CQ15+EA15+EJ15+ES15 -> 3.3 | IO15: =CR15+EB15+EK15+ET15 -> 0.6 | IP15: =CS15+EC15+EL15+EU15 -> 0.4 | IQ15: =CT15+ED15+EM15+EV15 -> 0 | IR15: =CU15+EE15+EN15+EW15 -> 0 | IS15: =CV15+EF15+EO15+EX15 -> 0 | IT15: =CW15+EG15+EP15+EY15 -> 1 | IU15: =CX15+EH15+EQ15+EZ15 -> 1.3 | IV15: 0.8 | IW15: 1
A16: 10 | B16: Lilibeth Nieves Mendoza | C16: Dibulla | D16: Larga La Vida | E16: 6.5 | F16: 12.5 | G16: =1500+300 -> 1800 | I16: 1500 | O16: 750 | P16: 750 | V16: 703 | W16: 0 | X16: 703 | AD16: 0 | AJ16: 703 | AK16: 3456 | AL16: 0 | AM16: 80 | AO16: 2606 | AQ16: 770 | AR16: 0 | AS16: 0 | AT16: 0 | AU16: 80 | AV16: 2606 | AY16: 770 | AZ16: 175 | BA16: 0 | BG16: 100 | BH16: 0 | BN16: 100 | CG16: 0.7 | CJ16: 0.7 | CL16: 0.4 | CN16: 0 | EJ16: 2.3 | EK16: 0.3 | EL16: 0.5 | EQ16: 1.5 | IF16: =BX16+CG16+GB16+GK16+GT16 -> 0.7 | IG16: =BY16+CH16+GC16+GL16+GU16 -> 0 | IH16: =BZ16+CI16+GD16+GM16+GV16 -> 0 | II16: =CA16+CJ16+GE16+GN16+GW16 -> 0.7 | IJ16: =CB16+CK16+GF16+GO16+GX16 -> 0 | IK16: =CC16+CL16+GG16+GP16+GY16 -> 0.4 | IL16: =CD16+CM16+GH16+GQ16+GZ16 -> 0 | IM16: =CE16+CN16+GI16+GR16+HA16 -> 0 | IN16: =CQ16+EA16+EJ16+ES16 -> 2.3 | IO16: =CR16+EB16+EK16+ET16 -> 0.3 | IP16: =CS16+EC16+EL16+EU16 -> 0.5 | IQ16: =CT16+ED16+EM16+EV16 -> 0 | IR16: =CU16+EE16+EN16+EW16 -> 0 | IS16: =CV16+EF16+EO16+EX16 -> 0 | IT16: =CW16+EG16+EP16+EY16 -> 0 | IU16: =CX16+EH16+EQ16+EZ16 -> 1.5 | IV16: 0 | IW16: 1
A17: 11 | B17: José Francisco López Gómez | C17: Dibulla | D17: Larga La Vida | E17: 6.5 | F17: 10.8 | G17: =1500+300 -> 1800 | I17: 1500 | O17: 0 | P17: 600 | Q17: 900 | V17: 0 | W17: 0 | AD17: 0 | AK17: 4358 | AL17: 2761 | AN17: 291 | AQ17: 597 | AR17: 709 | AS17: 2761 | AY17: 1597 | AZ17: 275 | BA17: 100 | BG17: 60 | BH17: 100 | BN17: 60 | CG17: 0.3 | CH17: 1 | CL17: 0 | CN17: 0 | EJ17: 2.4 | EK17: 0.3 | EL17: 0.7 | EM17: 0.5 | EO17: 0.9 | EQ17: 0 | FV17: 1 | IF17: =BX17+CG17+GB17+GK17+GT17 -> 0.3 | IG17: =BY17+CH17+GC17+GL17+GU17 -> 1 | IH17: =BZ17+CI17+GD17+GM17+GV17 -> 0 | II17: =CA17+CJ17+GE17+GN17+GW17 -> 0 | IJ17: =CB17+CK17+GF17+GO17+GX17 -> 0 | IK17: =CC17+CL17+GG17+GP17+GY17 -> 0 | IL17: =CD17+CM17+GH17+GQ17+GZ17 -> 0 | IM17: =CE17+CN17+GI17+GR17+HA17 -> 0 | IN17: =CQ17+EA17+EJ17+ES17 -> 2.4 | IO17: =CR17+EB17+EK17+ET17 -> 0.3 | IP17: =CS17+EC17+EL17+EU17 -> 0.7 | IQ17: =CT17+ED17+EM17+EV17 -> 0.5 | IR17: =CU17+EE17+EN17+EW17 -> 0 | IS17: =CV17+EF17+EO17+EX17 -> 0.9 | IT17: =CW17+EG17+EP17+EY17 -> 0 | IU17: =CX17+EH17+EQ17+EZ17 -> 0 | IV17: 0 | IW17: 1
A18: 12 | B18: Fanio Manuel Castillo Yépez | C18: Dibulla | D18: Larga La Vida | E18: 8.4 | F18: 12.5 | G18: =750+300 -> 1050 | I18: 750 | O18: 750 | V18: 0 | W18: 0 | AD18: 0 | AK18: 4663 | AL18: 2595 | AO18: 1181 | AR18: 887 | AS18: 2595 | AV18: 1181 | AY18: 887 | AZ18: 150 | BA18: 150 | BG18: 0 | BH18: 0 | BI18: 50 | BJ18: 100 | BN18: 0 | CG18: 0.4 | CJ18: 0.4 | CL18: 0 | CN18: 0 | CQ18: 1.8 | CV18: 1.8 | EJ18: 1 | EK18: 0.3 | EL18: 0.7 | EQ18: 0 | IF18: =BX18+CG18+GB18+GK18+GT18 -> 0.4 | IG18: =BY18+CH18+GC18+GL18+GU18 -> 0 | IH18: =BZ18+CI18+GD18+GM18+GV18 -> 0 | II18: =CA18+CJ18+GE18+GN18+GW18 -> 0.4 | IJ18: =CB18+CK18+GF18+GO18+GX18 -> 0 | IK18: =CC18+CL18+GG18+GP18+GY18 -> 0 | IL18: =CD18+CM18+GH18+GQ18+GZ18 -> 0 | IM18: =CE18+CN18+GI18+GR18+HA18 -> 0 | IN18: =CQ18+EA18+EJ18+ES18 -> 2.8 | IO18: =CR18+EB18+EK18+ET18 -> 0.3 | IP18: =CS18+EC18+EL18+EU18 -> 0.7 | IQ18: =CT18+ED18+EM18+EV18 -> 0 | IR18: =CU18+EE18+EN18+EW18 -> 0 | IS18: =CV18+EF18+EO18+EX18 -> 1.8 | IT18: =CW18+EG18+EP18+EY18 -> 0 | IU18: =CX18+EH18+EQ18+EZ18 -> 0 | IV18: 0 | IW18: 1
A19: 13 | B19: Dager Castillo Yépez | C19: Dibulla | D19: Larga La Vida | E19: 6.8 | F19: 12.5 | G19: 750 | I19: 750 | O19: 750 | V19: 0 | W19: 0 | AD19: 0 | AK19: 2830 | AL19: 1530 | AQ19: 1300 | AR19: 0 | AS19: 1000 | AU19: 530 | AY19: 1300 | AZ19: 175 | BA19: 100 | BG19: 20 | BH19: 100 | BN19: 20 | CG19: 0.6 | CJ19: 0.6 | CL19: 0 | CN19: 0 | EJ19: 1.1 | EK19: 0.3 | EL19: 0.8 | EQ19: 0 | IF19: =BX19+CG19+GB19+GK19+GT19 -> 0.6 | IG19: =BY19+CH19+GC19+GL19+GU19 -> 0 | IH19: =BZ19+CI19+GD19+GM19+GV19 -> 0 | II19: =CA19+CJ19+GE19+GN19+GW19 -> 0.6 | IJ19: =CB19+CK19+GF19+GO19+GX19 -> 0 | IK19: =CC19+CL19+GG19+GP19+GY19 -> 0 | IL19: =CD19+CM19+GH19+GQ19+GZ19 -> 0 | IM19: =CE19+CN19+GI19+GR19+HA19 -> 0 | IN19: =CQ19+EA19+EJ19+ES19 -> 1.1 | IO19: =CR19+EB19+EK19+ET19 -> 0.3 | IP19: =CS19+EC19+EL19+EU19 -> 0.8 | IQ19: =CT19+ED19+EM19+EV19 -> 0 | IR19: =CU19+EE19+EN19+EW19 -> 0 | IS19: =CV19+EF19+EO19+EX19 -> 0 | IT19: =CW19+EG19+EP19+EY19 -> 0 | IU19: =CX19+EH19+EQ19+EZ19 -> 0 | IV19: 0.8 | IW19: 1
A20: 14 | B20: Mauricio Pérez | C20: Dibulla | D20: Larga La Vida | E20: 15.8 | F20: 26.3 | G20: 1125 | I20: 1125 | O20: 0 | P20: 0 | Q20: 1125 | V20: 0 | W20: 0 | AD20: 0 | AK20: 3009 | AL20: 0 | AN20: 100 | AO20: 2909 | AQ20: 0 | AR20: 0 | AS20: 0 | AU20: 100 | AW20: 2909 | AY20: 0 | AZ20: 351 | BA20: 117 | BF20: 100 | BG20: 0 | BH20: 0 | BI20: 0 | BJ20: 0 | BM20: 117 | BN20: 100 | CG20: 0.6 | CJ20: 0.6 | CL20: 0 | CN20: 0 | EJ20: 1.4 | EK20: 0 | EL20: 0.4 | EP20: 1 | EQ20: 0 | IF20: =BX20+CG20+GB20+GK20+GT20 -> 0.6 | IG20: =BY20+CH20+GC20+GL20+GU20 -> 0 | IH20: =BZ20+CI20+GD20+GM20+GV20 -> 0 | II20: =CA20+CJ20+GE20+GN20+GW20 -> 0.6 | IJ20: =CB20+CK20+GF20+GO20+GX20 -> 0 | IK20: =CC20+CL20+GG20+GP20+GY20 -> 0 | IL20: =CD20+CM20+GH20+GQ20+GZ20 -> 0 | IM20: =CE20+CN20+GI20+GR20+HA20 -> 0 | IN20: =CQ20+EA20+EJ20+ES20 -> 1.4 | IO20: =CR20+EB20+EK20+ET20 -> 0 | IP20: =CS20+EC20+EL20+EU20 -> 0.4 | IQ20: =CT20+ED20+EM20+EV20 -> 0 | IR20: =CU20+EE20+EN20+EW20 -> 0 | IS20: =CV20+EF20+EO20+EX20 -> 0 | IT20: =CW20+EG20+EP20+EY20 -> 1 | IU20: =CX20+EH20+EQ20+EZ20 -> 0 | IV20: 1.6 | IW20: 1
A21: 15 | B21: Aura Esther Miranda Herrera | C21: Dibulla | D21: Larga La Vida | E21: 16.2 | F21: 27 | G21: 750 | I21: 0 | J21: 750 | O21: 0 | Q21: 750 | V21: 0 | W21: 0 | AD21: 0 | AK21: 2514 | AL21: 0 | AN21: 50 | AP21: 1000 | AR21: 0 | AS21: 0 | AW21: 1050 | AY21: 0 | AZ21: 175 | BA21: 100 | BG21: 0 | BH21: 100 | BJ21: 0 | BN21: 0 | CG21: 0.5 | CL21: 0.5 | CN21: 0 | EJ21: 3 | EK21: 0 | EL21: 0.1 | EP21: 2 | EQ21: 0.9 | IF21: =BX21+CG21+GB21+GK21+GT21 -> 0.5 | IG21: =BY21+CH21+GC21+GL21+GU21 -> 0 | IH21: =BZ21+CI21+GD21+GM21+GV21 -> 0 | II21: =CA21+CJ21+GE21+GN21+GW21 -> 0 | IJ21: =CB21+CK21+GF21+GO21+GX21 -> 0 | IK21: =CC21+CL21+GG21+GP21+GY21 -> 0.5 | IL21: =CD21+CM21+GH21+GQ21+GZ21 -> 0 | IM21: =CE21+CN21+GI21+GR21+HA21 -> 0 | IN21: =CQ21+EA21+EJ21+ES21 -> 3 | IO21: =CR21+EB21+EK21+ET21 -> 0 | IP21: =CS21+EC21+EL21+EU21 -> 0.1 | IQ21: =CT21+ED21+EM21+EV21 -> 0 | IR21: =CU21+EE21+EN21+EW21 -> 0 | IS21: =CV21+EF21+EO21+EX21 -> 0 | IT21: =CW21+EG21+EP21+EY21 -> 2 | IU21: =CX21+EH21+EQ21+EZ21 -> 0.9 | IV21: 0 | IW21: 1
A22: 16 | B22: Melquiades Mendoza Madero | C22: Dibulla | D22: Larga La Vida | E22: 9.1 | F22: 15.2 | G22: =1250+450 -> 1700 | I22: 1250 | J22: 0 | O22: 0 | P22: 500 | Q22: 750 | V22: 703 | W22: 0 | Y22: 733 | AD22: 0 | AJ22: 733 | AK22: 2250 | AL22: 1146 | AQ22: 450 | AR22: 654 | AS22: 1146 | AY22: 1104 | AZ22: 120 | BA22: 0 | BG22: 60 | BH22: 0 | BN22: 60 | CG22: 0.2 | CJ22: 0.2 | CL22: 0 | CN22: 0 | EJ22: 2.1 | EK22: 0 | EL22: 0 | EQ22: 2.1 | IF22: =BX22+CG22+GB22+GK22+GT22 -> 0.2 | IG22: =BY22+CH22+GC22+GL22+GU22 -> 0 | IH22: =BZ22+CI22+GD22+GM22+GV22 -> 0 | II22: =CA22+CJ22+GE22+GN22+GW22 -> 0.2 | IJ22: =CB22+CK22+GF22+GO22+GX22 -> 0 | IK22: =CC22+CL22+GG22+GP22+GY22 -> 0 | IL22: =CD22+CM22+GH22+GQ22+GZ22 -> 0 | IM22: =CE22+CN22+GI22+GR22+HA22 -> 0 | IN22: =CQ22+EA22+EJ22+ES22 -> 2.1 | IO22: =CR22+EB22+EK22+ET22 -> 0 | IP22: =CS22+EC22+EL22+EU22 -> 0 | IQ22: =CT22+ED22+EM22+EV22 -> 0 | IR22: =CU22+EE22+EN22+EW22 -> 0 | IS22: =CV22+EF22+EO22+EX22 -> 0 | IT22: =CW22+EG22+EP22+EY22 -> 0 | IU22: =CX22+EH22+EQ22+EZ22 -> 2.1 | IV22: 1.6 | IW22: 1
A23: 17 | B23: Walter Antonio Hernández Fernández | C23: Dibulla | D23: Larga La Vida | E23: 12 | F23: 20 | G23: =750+800 -> 1550 | I23: 750 | O23: 0 | P23: 0 | Q23: 750 | V23: 0 | W23: 0 | AD23: 0 | AK23: 2805 | AL23: 0 | AN23: 170 | AO23: 1730 | AQ23: 451 | AR23: 454 | AS23: 0 | AU23: 170 | AV23: 1730 | AY23: 905 | AZ23: 175 | BA23: 0 | BF23: 120 | BG23: 0 | BH23: 0 | BM23: 120 | BN23: 0 | CG23: 2.6 | CJ23: 2.6 | CL23: 0 | CN23: 0 | EJ23: 2 | EK23: 0 | EL23: 0 | EP23: 1 | EQ23: 1 | IF23: =BX23+CG23+GB23+GK23+GT23 -> 2.6 | IG23: =BY23+CH23+GC23+GL23+GU23 -> 0 | IH23: =BZ23+CI23+GD23+GM23+GV23 -> 0 | II23: =CA23+CJ23+GE23+GN23+GW23 -> 2.6 | IJ23: =CB23+CK23+GF23+GO23+GX23 -> 0 | IK23: =CC23+CL23+GG23+GP23+GY23 -> 0 | IL23: =CD23+CM23+GH23+GQ23+GZ23 -> 0 | IM23: =CE23+CN23+GI23+GR23+HA23 -> 0 | IN23: =CQ23+EA23+EJ23+ES23 -> 2 | IO23: =CR23+EB23+EK23+ET23 -> 0 | IP23: =CS23+EC23+EL23+EU23 -> 0 | IQ23: =CT23+ED23+EM23+EV23 -> 0 | IR23: =CU23+EE23+EN23+EW23 -> 0 | IS23: =CV23+EF23+EO23+EX23 -> 0 | IT23: =CW23+EG23+EP23+EY23 -> 1 | IU23: =CX23+EH23+EQ23+EZ23 -> 1 | IV23: 2.5 | IW23: 1
A24: 18 | B24: Manuel Villareal Guevara | C24: Dibulla | D24: Larga La Vida | E24: 11.7 | F24: 19.5 | G24: =750+300 -> 1050 | I24: 750 | O24: 0 | Q24: 750 | V24: 0 | W24: 0 | AD24: 0 | AK24: 1934 | AL24: 1482 | AR24: 452 | AS24: 1482 | AY24: 452 | AZ24: 100 | BA24: 100 | BG24: 0 | BH24: 100 | BN24: 0 | CG24: 0.9 | CH24: 1 | CJ24: 0.9 | CL24: 0 | CN24: 0 | EJ24: 1 | EK24: 0.3 | EL24: 0.7 | EQ24: 0 | IF24: =BX24+CG24+GB24+GK24+GT24 -> 0.9 | IG24: =BY24+CH24+GC24+GL24+GU24 -> 1 | IH24: =BZ24+CI24+GD24+GM24+GV24 -> 0 | II24: =CA24+CJ24+GE24+GN24+GW24 -> 0.9 | IJ24: =CB24+CK24+GF24+GO24+GX24 -> 0 | IK24: =CC24+CL24+GG24+GP24+GY24 -> 0 | IL24: =CD24+CM24+GH24+GQ24+GZ24 -> 0 | IM24: =CE24+CN24+GI24+GR24+HA24 -> 0 | IN24: =CQ24+EA24+EJ24+ES24 -> 1 | IO24: =CR24+EB24+EK24+ET24 -> 0.3 | IP24: =CS24+EC24+EL24+EU24 -> 0.7 | IQ24: =CT24+ED24+EM24+EV24 -> 0 | IR24: =CU24+EE24+EN24+EW24 -> 0 | IS24: =CV24+EF24+EO24+EX24 -> 0 | IT24: =CW24+EG24+EP24+EY24 -> 0 | IU24: =CX24+EH24+EQ24+EZ24 -> 0 | IV24: 1.3 | IW24: 1
A25: 19 | B25: Jairo Fernández Conde | C25: Dibulla | D25: Larga La Vida | E25: 19.1 | F25: 8.4 | G25: =1500+300 -> 1800 | I25: 1500 | O25: 500 | P25: 1000 | V25: 0 | W25: 0 | AD25: 0 | AK25: 4754 | AL25: 2402 | AQ25: 433 | AR25: 1919 | AS25: 0 | AT25: 1910 | AY25: 2844 | AZ25: 113 | BA25: 113 | BF25: 20 | BG25: 20 | BH25: 113 | BM25: 20 | BN25: 20 | CG25: 3.3 | CJ25: 3.3 | CL25: 0 | CN25: 0 | EJ25: 2 | EK25: 0 | EL25: 1 | EM25: 1 | EP25: 0 | EQ25: 0 | IF25: =BX25+CG25+GB25+GK25+GT25 -> 3.3 | IG25: =BY25+CH25+GC25+GL25+GU25 -> 0 | IH25: =BZ25+CI25+GD25+GM25+GV25 -> 0 | II25: =CA25+CJ25+GE25+GN25+GW25 -> 3.3 | IJ25: =CB25+CK25+GF25+GO25+GX25 -> 0 | IK25: =CC25+CL25+GG25+GP25+GY25 -> 0 | IL25: =CD25+CM25+GH25+GQ25+GZ25 -> 0 | IM25: =CE25+CN25+GI25+GR25+HA25 -> 0 | IN25: =CQ25+EA25+EJ25+ES25 -> 2 | IO25: =CR25+EB25+EK25+ET25 -> 0 | IP25: =CS25+EC25+EL25+EU25 -> 1 | IQ25: =CT25+ED25+EM25+EV25 -> 1 | IR25: =CU25+EE25+EN25+EW25 -> 0 | IS25: =CV25+EF25+EO25+EX25 -> 0 | IT25: =CW25+EG25+EP25+EY25 -> 0 | IU25: =CX25+EH25+EQ25+EZ25 -> 0 | IV25: 0 | IW25: 1
A26: 20 | B26: Fani Leonor Gutiérrez Manjarrez | C26: Dibulla | D26: Larga La Vida | E26: 17 | F26: 28.3 | G26: =1500+600 -> 2100 | I26: 1500 | O26: 0 | P26: 500 | Q26: 1000 | V26: 0 | W26: 0 | AD26: 0 | AK26: 2932 | AL26: 1251 | AQ26: 288 | AR26: 1393 | AS26: 0 | AT26: 700 | AU26: 551 | AY26: 1681 | AZ26: 289 | BA26: 113 | BE26: 77 | BF26: 100 | BG26: 0 | BH26: 0 | BI26: 113 | BL26: 77 | BM26: 100 | BN26: 0 | CG26: 1.3 | CJ26: 1.3 | CL26: 0 | CN26: 0 | EJ26: 5.2 | EK26: 0 | EL26: 1 | EO26: 1 | EP26: 1 | EQ26: 2.2 | IF26: =BX26+CG26+GB26+GK26+GT26 -> 1.3 | IG26: =BY26+CH26+GC26+GL26+GU26 -> 0 | IH26: =BZ26+CI26+GD26+GM26+GV26 -> 0 | II26: =CA26+CJ26+GE26+GN26+GW26 -> 1.3 | IJ26: =CB26+CK26+GF26+GO26+GX26 -> 0 | IK26: =CC26+CL26+GG26+GP26+GY26 -> 0 | IL26: =CD26+CM26+GH26+GQ26+GZ26 -> 0 | IM26: =CE26+CN26+GI26+GR26+HA26 -> 0 | IN26: =CQ26+EA26+EJ26+ES26 -> 5.2 | IO26: =CR26+EB26+EK26+ET26 -> 0 | IP26: =CS26+EC26+EL26+EU26 -> 1 | IQ26: =CT26+ED26+EM26+EV26 -> 0 | IR26: =CU26+EE26+EN26+EW26 -> 0 | IS26: =CV26+EF26+EO26+EX26 -> 1 | IT26: =CW26+EG26+EP26+EY26 -> 1 | IU26: =CX26+EH26+EQ26+EZ26 -> 2.2 | IV26: 1.3 | IW26: 1
A27: 21 | B27: Matilde Durango Fernández | C27: Dibulla | D27: Larga La Vida | E27: 15.3 | F27: 8.4 | G27: =1500+300 -> 1800 | I27: 1500 | O27: 500 | P27: 1000 | V27: 0 | W27: 0 | AD27: 0 | AK27: 4433 | AL27: 1316 | AQ27: 167 | AR27: 2950 | AS27: 0 | AT27: 740 | AY27: 3693 | AZ27: 275 | BA27: 100 | BF27: 100 | BG27: 0 | BH27: 0 | BI27: 100 | BM27: 100 | BN27: 0 | CG27: 1.2 | CJ27: 1.2 | CL27: 0 | CN27: 0 | EJ27: 2 | EK27: 0.3 | EL27: 0.7 | EP27: 1 | EQ27: 0 | IF27: =BX27+CG27+GB27+GK27+GT27 -> 1.2 | IG27: =BY27+CH27+GC27+GL27+GU27 -> 0 | IH27: =BZ27+CI27+GD27+GM27+GV27 -> 0 | II27: =CA27+CJ27+GE27+GN27+GW27 -> 1.2 | IJ27: =CB27+CK27+GF27+GO27+GX27 -> 0 | IK27: =CC27+CL27+GG27+GP27+GY27 -> 0 | IL27: =CD27+CM27+GH27+GQ27+GZ27 -> 0 | IM27: =CE27+CN27+GI27+GR27+HA27 -> 0 | IN27: =CQ27+EA27+EJ27+ES27 -> 2 | IO27: =CR27+EB27+EK27+ET27 -> 0.3 | IP27: =CS27+EC27+EL27+EU27 -> 0.7 | IQ27: =CT27+ED27+EM27+EV27 -> 0 | IR27: =CU27+EE27+EN27+EW27 -> 0 | IS27: =CV27+EF27+EO27+EX27 -> 0 | IT27: =CW27+EG27+EP27+EY27 -> 1 | IU27: =CX27+EH27+EQ27+EZ27 -> 0 | IV27: 0 | IW27: 1
A28: 22 | B28: Yelene Rosio Serrano Ortiz | C28: Dibulla | D28: Larga La Vida | E28: 2 | F28: 0 | G28: 500 | I28: 0 | O28: 0 | V28: 703 | W28: 0 | X28: 703 | AD28: 0 | AF28: 200 | AJ28: 503 | AK28: 1684 | AL28: 1406 | AR28: 278 | AS28: 1406 | AY28: 278 | AZ28: 195 | BA28: 100 | BF28: 95 | BG28: 0 | BH28: 100 | BM28: 95 | BN28: 0 | CG28: 0.04 | CH28: 0.5 | CJ28: 0.04 | CL28: 0 | CN28: 0 | EJ28: 0.8 | EK28: 0.3 | EL28: 1 | EP28: 1 | EQ28: 0 | FT28: 1 | IF28: =BX28+CG28+GB28+GK28+GT28 -> 0.04 | IG28: =BY28+CH28+GC28+GL28+GU28 -> 0.5 | IH28: =BZ28+CI28+GD28+GM28+GV28 -> 0 | II28: =CA28+CJ28+GE28+GN28+GW28 -> 0.04 | IJ28: =CB28+CK28+GF28+GO28+GX28 -> 0 | IK28: =CC28+CL28+GG28+GP28+GY28 -> 0 | IL28: =CD28+CM28+GH28+GQ28+GZ28 -> 0 | IM28: =CE28+CN28+GI28+GR28+HA28 -> 0 | IN28: =CQ28+EA28+EJ28+ES28 -> 0.8 | IO28: =CR28+EB28+EK28+ET28 -> 0.3 | IP28: =CS28+EC28+EL28+EU28 -> 1 | IQ28: =CT28+ED28+EM28+EV28 -> 0 | IR28: =CU28+EE28+EN28+EW28 -> 0 | IS28: =CV28+EF28+EO28+EX28 -> 0 | IT28: =CW28+EG28+EP28+EY28 -> 1 | IU28: =CX28+EH28+EQ28+EZ28 -> 0 | IV28: 0 | IW28: 1
A29: 23 | B29: Esteban David Brito López | C29: Dibulla | D29: Larga La Vida | E29: 13.4 | F29: 25 | G29: =1500+600 -> 2100 | I29: 1500 | O29: 1500 | V29: 0 | W29: 0 | AD29: 0 | AK29: 2306 | AL29: 1325 | AR29: 981 | AS29: 1325 | AY29: 981 | AZ29: 350 | BA29: 275 | BF29: 95 | BG29: 0 | BH29: 275 | BM29: 95 | BN29: 0 | CG29: 1 | CH29: 1 | CL29: 0 | CN29: 0 | EJ29: 1.8 | EK29: 2 | EL29: 0 | EP29: 1 | EQ29: 0 | IF29: =BX29+CG29+GB29+GK29+GT29 -> 1 | IG29: =BY29+CH29+GC29+GL29+GU29 -> 1 | IH29: =BZ29+CI29+GD29+GM29+GV29 -> 0 | II29: =CA29+CJ29+GE29+GN29+GW29 -> 0 | IJ29: =CB29+CK29+GF29+GO29+GX29 -> 0 | IK29: =CC29+CL29+GG29+GP29+GY29 -> 0 | IL29: =CD29+CM29+GH29+GQ29+GZ29 -> 0 | IM29: =CE29+CN29+GI29+GR29+HA29 -> 0 | IN29: =CQ29+EA29+EJ29+ES29 -> 1.8 | IO29: =CR29+EB29+EK29+ET29 -> 2 | IP29: =CS29+EC29+EL29+EU29 -> 0 | IQ29: =CT29+ED29+EM29+EV29 -> 0 | IR29: =CU29+EE29+EN29+EW29 -> 0 | IS29: =CV29+EF29+EO29+EX29 -> 0 | IT29: =CW29+EG29+EP29+EY29 -> 1 | IU29: =CX29+EH29+EQ29+EZ29 -> 0 | IV29: 1.2 | IW29: 1
A30: 24 | B30: Aramendi De Jesús Móvil Montero | C30: Dibulla | D30: Larga La Vida | E30: 17.4 | F30: 0 | G30: 600 | I30: 0 | O30: 0 | V30: 703 | W30: 0 | X30: 703 | AD30: 0 | AF30: 0 | AG30: 535 | AJ30: 168 | AK30: 2624 | AL30: 0 | AN30: 452 | AP30: 2624 | AR30: 0 | AS30: 0 | AW30: 2624 | AY30: 452 | AZ30: 195 | BA30: 0 | BF30: 120 | BG30: 0 | BH30: 0 | BM30: 120 | BN30: 0 | CG30: 0.5 | CL30: 0.5 | CN30: 0 | EJ30: 2 | EK30: 0 | EL30: 0.3 | EO30: 0.6 | EP30: 1 | EQ30: 0.1 | IF30: =BX30+CG30+GB30+GK30+GT30 -> 0.5 | IG30: =BY30+CH30+GC30+GL30+GU30 -> 0 | IH30: =BZ30+CI30+GD30+GM30+GV30 -> 0 | II30: =CA30+CJ30+GE30+GN30+GW30 -> 0 | IJ30: =CB30+CK30+GF30+GO30+GX30 -> 0 | IK30: =CC30+CL30+GG30+GP30+GY30 -> 0.5 | IL30: =CD30+CM30+GH30+GQ30+GZ30 -> 0 | IM30: =CE30+CN30+GI30+GR30+HA30 -> 0 | IN30: =CQ30+EA30+EJ30+ES30 -> 2 | IO30: =CR30+EB30+EK30+ET30 -> 0 | IP30: =CS30+EC30+EL30+EU30 -> 0.3 | IQ30: =CT30+ED30+EM30+EV30 -> 0 | IR30: =CU30+EE30+EN30+EW30 -> 0 | IS30: =CV30+EF30+EO30+EX30 -> 0.6 | IT30: =CW30+EG30+EP30+EY30 -> 1 | IU30: =CX30+EH30+EQ30+EZ30 -> 0.1 | IV30: 3.7 | IW30: 1
A31: 25 | B31: Deisi Movil Montero | C31: Dibulla | D31: Larga La Vida | E31: 12.2 | F31: 0 | G31: 0 | I31: 0 | O31: 0 | V31: 703 | W31: 0 | X31: 703 | AD31: 0 | AF31: 200 | AG31: 160 | AJ31: 343 | AK31: 3016 | AL31: 416 | AP31: 2600 | AR31: 0 | AS31: 416 | AY31: 2600 | AZ31: 195 | BA31: 0 | BF31: 120 | BG31: 0 | BH31: 0 | BM31: 120 | BN31: 0 | CG31: 0.4 | CJ31: 0.4 | CL31: 0 | CN31: 0 | EJ31: 1.8 | EK31: 0 | EL31: 0.3 | EM31: 0.7 | EP31: 0.8 | EQ31: 0 | IF31: =BX31+CG31+GB31+GK31+GT31 -> 0.4 | IG31: =BY31+CH31+GC31+GL31+GU31 -> 0 | IH31: =BZ31+CI31+GD31+GM31+GV31 -> 0 | II31: =CA31+CJ31+GE31+GN31+GW31 -> 0.4 | IJ31: =CB31+CK31+GF31+GO31+GX31 -> 0 | IK31: =CC31+CL31+GG31+GP31+GY31 -> 0 | IL31: =CD31+CM31+GH31+GQ31+GZ31 -> 0 | IM31: =CE31+CN31+GI31+GR31+HA31 -> 0 | IN31: =CQ31+EA31+EJ31+ES31 -> 1.8 | IO31: =CR31+EB31+EK31+ET31 -> 0 | IP31: =CS31+EC31+EL31+EU31 -> 0.3 | IQ31: =CT31+ED31+EM31+EV31 -> 0.7 | IR31: =CU31+EE31+EN31+EW31 -> 0 | IS31: =CV31+EF31+EO31+EX31 -> 0 | IT31: =CW31+EG31+EP31+EY31 -> 0.8 | IU31: =CX31+EH31+EQ31+EZ31 -> 0 | IV31: 1.6 | IW31: 1
A32: 26 | B32: Wilmer Yeimeser Quinto Miranda | C32: Dibulla | D32: Larga La Vida | E32: 5.3 | F32: 29 | G32: 4264 | I32: 3514 | O32: 0 | P32: 150 | Q32: 3364 | V32: 1055 | W32: 0 | AD32: 0 | AK32: 2055 | AL32: 654 | AQ32: 1401 | AR32: 0 | AS32: 500 | AU32: 154 | AY32: 1401 | AZ32: 0 | BA32: 0 | BF32: 0 | BG32: 0 | BH32: 0 | BN32: 0 | CG32: 0.5 | CJ32: 0.5 | CL32: 0 | CN32: 0 | EJ32: 1.4 | EK32: 0.3 | EL32: 1 | EQ32: 0.1 | IF32: =BX32+CG32+GB32+GK32+GT32 -> 0.5 | IG32: =BY32+CH32+GC32+GL32+GU32 -> 0 | IH32: =BZ32+CI32+GD32+GM32+GV32 -> 0 | II32: =CA32+CJ32+GE32+GN32+GW32 -> 0.5 | IJ32: =CB32+CK32+GF32+GO32+GX32 -> 0 | IK32: =CC32+CL32+GG32+GP32+GY32 -> 0 | IL32: =CD32+CM32+GH32+GQ32+GZ32 -> 0 | IM32: =CE32+CN32+GI32+GR32+HA32 -> 0 | IN32: =CQ32+EA32+EJ32+ES32 -> 1.4 | IO32: =CR32+EB32+EK32+ET32 -> 0.3 | IP32: =CS32+EC32+EL32+EU32 -> 1 | IQ32: =CT32+ED32+EM32+EV32 -> 0 | IR32: =CU32+EE32+EN32+EW32 -> 0 | IS32: =CV32+EF32+EO32+EX32 -> 0 | IT32: =CW32+EG32+EP32+EY32 -> 0 | IU32: =CX32+EH32+EQ32+EZ32 -> 0.1 | IV32: 0 | IW32: 1
A33: 27 | B33: Oscar Emilio Barros Peñaloza | C33: Dibulla | D33: Larga La Vida | E33: 9.4 | F33: 4.2 | G33: =250+225 -> 475 | I33: 250 | O33: 250 | V33: 0 | W33: 0 | AD33: 0 | AK33: 904 | AL33: 354 | AR33: 550 | AS33: 354 | AY33: 550 | AZ33: 125 | BA33: 100 | BF33: 20 | BG33: 0 | BH33: 100 | BM33: 20 | BN33: 0 | CG33: 1 | CH33: 1 | CL33: 0 | CN33: 0 | CQ33: 3.7 | CR33: 0 | CW33: 2 | CX33: 1.7 | EJ33: 1 | EK33: 0 | EL33: 1 | EQ33: 0 | FT33: 1 | IF33: =BX33+CG33+GB33+GK33+GT33 -> 1 | IG33: =BY33+CH33+GC33+GL33+GU33 -> 1 | IH33: =BZ33+CI33+GD33+GM33+GV33 -> 0 | II33: =CA33+CJ33+GE33+GN33+GW33 -> 0 | IJ33: =CB33+CK33+GF33+GO33+GX33 -> 0 | IK33: =CC33+CL33+GG33+GP33+GY33 -> 0 | IL33: =CD33+CM33+GH33+GQ33+GZ33 -> 0 | IM33: =CE33+CN33+GI33+GR33+HA33 -> 0 | IN33: =CQ33+EA33+EJ33+ES33 -> 4.7 | IO33: =CR33+EB33+EK33+ET33 -> 0 | IP33: =CS33+EC33+EL33+EU33 -> 1 | IQ33: =CT33+ED33+EM33+EV33 -> 0 | IR33: =CU33+EE33+EN33+EW33 -> 0 | IS33: =CV33+EF33+EO33+EX33 -> 0 | IT33: =CW33+EG33+EP33+EY33 -> 2 | IU33: =CX33+EH33+EQ33+EZ33 -> 1.7 | IV33: 1.5 | IW33: 1
A34: 28 | B34: Esther María Valiente Meriño | C34: Dibulla | D34: Larga La Vida | E34: 8 | F34: 8.4 | G34: =500+250 -> 750 | I34: 500 | P34: 500 | V34: 0 | W34: 0 | AD34: 0 | AK34: 1083 | AL34: 733 | AR34: 350 | AS34: 0 | AT34: 570 | AU34: 163 | AY34: 350 | AZ34: 0 | BA34: 195 | BG34: 0 | BH34: 0 | BM34: 95 | BN34: 100 | CG34: 0.2 | CH34: 0 | CJ34: 0.2 | CL34: 0 | CN34: 0 | EJ34: 2 | EK34: 0 | EL34: 1 | EQ34: 1 | IF34: =BX34+CG34+GB34+GK34+GT34 -> 0.2 | IG34: =BY34+CH34+GC34+GL34+GU34 -> 0 | IH34: =BZ34+CI34+GD34+GM34+GV34 -> 0 | II34: =CA34+CJ34+GE34+GN34+GW34 -> 0.2 | IJ34: =CB34+CK34+GF34+GO34+GX34 -> 0 | IK34: =CC34+CL34+GG34+GP34+GY34 -> 0 | IL34: =CD34+CM34+GH34+GQ34+GZ34 -> 0 | IM34: =CE34+CN34+GI34+GR34+HA34 -> 0 | IN34: =CQ34+EA34+EJ34+ES34 -> 2 | IO34: =CR34+EB34+EK34+ET34 -> 0 | IP34: =CS34+EC34+EL34+EU34 -> 1 | IQ34: =CT34+ED34+EM34+EV34 -> 0 | IR34: =CU34+EE34+EN34+EW34 -> 0 | IS34: =CV34+EF34+EO34+EX34 -> 0 | IT34: =CW34+EG34+EP34+EY34 -> 0 | IU34: =CX34+EH34+EQ34+EZ34 -> 1 | IV34: 1.3 | IW34: 1
A35: 29 | B35: Adalfredo Serrano Zapata | C35: Dibulla | D35: Larga La Vida | E35: 12.6 | F35: 0 | G35: 325 | I35: 0 | O35: 0 | V35: 703 | W35: 703 | AD35: 0 | AE35: 500 | AF35: 203 | AK35: 2872 | AL35: 1894 | AN35: 192 | AQ35: 786 | AR35: 0 | AS35: 1894 | AY35: 978 | AZ35: 16 | BA35: 16 | BF35: 50 | BG35: 0 | BH35: 16 | BM35: 50 | BN35: 0 | CG35: 1.5 | CH35: 1.5 | CJ35: 1.5 | CL35: 0 | CN35: 0 | EJ35: 2 | EK35: 1 | EL35: 1 | EP35: 0.5 | EQ35: 0 | IF35: =BX35+CG35+GB35+GK35+GT35 -> 1.5 | IG35: =BY35+CH35+GC35+GL35+GU35 -> 1.5 | IH35: =BZ35+CI35+GD35+GM35+GV35 -> 0 | II35: =CA35+CJ35+GE35+GN35+GW35 -> 1.5 | IJ35: =CB35+CK35+GF35+GO35+GX35 -> 0 | IK35: =CC35+CL35+GG35+GP35+GY35 -> 0 | IL35: =CD35+CM35+GH35+GQ35+GZ35 -> 0 | IM35: =CE35+CN35+GI35+GR35+HA35 -> 0 | IN35: =CQ35+EA35+EJ35+ES35 -> 2 | IO35: =CR35+EB35+EK35+ET35 -> 1 | IP35: =CS35+EC35+EL35+EU35 -> 1 | IQ35: =CT35+ED35+EM35+EV35 -> 0 | IR35: =CU35+EE35+EN35+EW35 -> 0 | IS35: =CV35+EF35+EO35+EX35 -> 0 | IT35: =CW35+EG35+EP35+EY35 -> 0.5 | IU35: =CX35+EH35+EQ35+EZ35 -> 0 | IV35: 0 | IW35: 1
A36: 30 | B36: Jairo Navarro Ramírez | C36: Dibulla | D36: Larga La Vida | E36: 13.3 | F36: 0 | G36: 361 | I36: 0 | J36: 111 | O36: 0 | Q36: 111 | V36: 0 | W36: 0 | AD36: 0 | AK36: 511 | AL36: 0 | AN36: 15 | AP36: 61 | AR36: 435 | AS36: 0 | AW36: 61 | AY36: 450 | AZ36: 173 | BA36: 103 | BF36: 105 | BG36: 0 | BH36: 103 | BM36: 105 | BN36: 0 | CG36: 1 | CL36: 0.5 | CM36: 0.5 | CN36: 0 | CQ36: 5 | CR36: 0 | CU36: 0 | CV36: 0 | CW36: 2.5 | CX36: 2.5 | EJ36: 3.5 | EK36: 0.3 | EL36: 0.7 | EP36: 1 | EQ36: 1.5 | FT36: 2 | IF36: =BX36+CG36+GB36+GK36+GT36 -> 1 | IG36: =BY36+CH36+GC36+GL36+GU36 -> 0 | IH36: =BZ36+CI36+GD36+GM36+GV36 -> 0 | II36: =CA36+CJ36+GE36+GN36+GW36 -> 0 | IJ36: =CB36+CK36+GF36+GO36+GX36 -> 0 | IK36: =CC36+CL36+GG36+GP36+GY36 -> 0.5 | IL36: =CD36+CM36+GH36+GQ36+GZ36 -> 0.5 | IM36: =CE36+CN36+GI36+GR36+HA36 -> 0 | IN36: =CQ36+EA36+EJ36+ES36 -> 8.5 | IO36: =CR36+EB36+EK36+ET36 -> 0.3 | IP36: =CS36+EC36+EL36+EU36 -> 0.7 | IQ36: =CT36+ED36+EM36+EV36 -> 0 | IR36: =CU36+EE36+EN36+EW36 -> 0 | IS36: =CV36+EF36+EO36+EX36 -> 0 | IT36: =CW36+EG36+EP36+EY36 -> 3.5 | IU36: =CX36+EH36+EQ36+EZ36 -> 4 | IV36: 0 | IW36: 1
A37: 31 | B37: William Rafael Cotes Cúrvelo | C37: Dibulla | D37: Larga La Vida | E37: 8.3 | F37: 0 | G37: 300 | I37: 0 | O37: 0 | V37: 703 | W37: 0 | Y37: 703 | AD37: 0 | AJ37: 703 | AK37: 2624 | AL37: 1244 | AQ37: 131 | AR37: 1249 | AS37: 0 | AU37: 1244 | AY37: 1380 | AZ37: 176 | BA37: 0 | BG37: 100 | BH37: 0 | BN37: 100 | CG37: 0.2 | CJ37: 0.2 | CL37: 0 | CN37: 0 | EJ37: 1 | EK37: 0 | EL37: 0 | EQ37: 1 | IF37: =BX37+CG37+GB37+GK37+GT37 -> 0.2 | IG37: =BY37+CH37+GC37+GL37+GU37 -> 0 | IH37: =BZ37+CI37+GD37+GM37+GV37 -> 0 | II37: =CA37+CJ37+GE37+GN37+GW37 -> 0.2 | IJ37: =CB37+CK37+GF37+GO37+GX37 -> 0 | IK37: =CC37+CL37+GG37+GP37+GY37 -> 0 | IL37: =CD37+CM37+GH37+GQ37+GZ37 -> 0 | IM37: =CE37+CN37+GI37+GR37+HA37 -> 0 | IN37: =CQ37+EA37+EJ37+ES37 -> 1 | IO37: =CR37+EB37+EK37+ET37 -> 0 | IP37: =CS37+EC37+EL37+EU37 -> 0 | IQ37: =CT37+ED37+EM37+EV37 -> 0 | IR37: =CU37+EE37+EN37+EW37 -> 0 | IS37: =CV37+EF37+EO37+EX37 -> 0 | IT37: =CW37+EG37+EP37+EY37 -> 0 | IU37: =CX37+EH37+EQ37+EZ37 -> 1 | IV37: 2.1 | IW37: 1
A38: 32 | B38: Álvaro Zambrano Gutiérrez | C38: El Doncello | D38: Birmania | E38: 18.4 | G38: 100 | I38: 100 | J38: 0 | P38: 100 | Q38: 0 | V38: 100 | W38: 0 | Y38: 100 | AD38: 0 | AF38: 0 | AH38: 100 | AK38: 340 | AL38: 340 | AM38: 0 | AN38: 0 | AP38: 0 | AS38: 160 | AU38: 0 | AW38: 180 | AZ38: 21 | BB38: 21 | BC38: 0 | BI38: 21 | BJ38: 0 | CQ38: 5.6 | CR38: 2 | CS38: 2 | CT38: 0 | CU38: 0 | CV38: 1.6 | DI38: 3 | DJ38: 12 | DK38: 5 | DL38: 2 | DM38: 0 | DN38: 0 | DO38: 5 | EJ38: 1 | EK38: 0 | EL38: 1 | EM38: 0 | FS38: =SUM(FL38+FM38+FN38+FO38+FP38)-FK38 -> 0 | GB38: 1.8 | GC38: 0 | GD38: 0.5 | GE38: 1.3 | HL38: 1 | HM38: 0 | HN38: 0 | HO38: 1 | IF38: =BX38+CG38+GB38+GK38+GT38 -> 1.8 | IG38: =BY38+CH38+GC38+GL38+GU38 -> 0 | IH38: =BZ38+CI38+GD38+GM38+GV38 -> 0.5 | II38: =CA38+CJ38+GE38+GN38+GW38 -> 1.3 | IJ38: =CB38+CK38+GF38+GO38+GX38 -> 0 | IK38: =CC38+CL38+GG38+GP38+GY38 -> 0 | IL38: =CD38+CM38+GH38+GQ38+GZ38 -> 0 | IM38: =CE38+CN38+GI38+GR38+HA38 -> 0 | IN38: =CQ38+EA38+EJ38+ES38 -> 6.6 | IO38: =CR38+EB38+EK38+ET38 -> 2 | IP38: =CS38+EC38+EL38+EU38 -> 3 | IQ38: =CT38+ED38+EM38+EV38 -> 0 | IR38: =CU38+EE38+EN38+EW38 -> 0 | IS38: =CV38+EF38+EO38+EX38 -> 1.6 | IT38: =CW38+EG38+EP38+EY38 -> 0 | IU38: =CX38+EH38+EQ38+EZ38 -> 0 | IV38: 1.8 | IW38: 1
A39: 33 | B39: Leandro Cantillo Gutiérrez | C39: El Doncello | D39: Birmania | E39: 95.9 | G39: 100 | I39: 100 | J39: 0 | P39: 100 | Q39: 0 | V39: 0 | W39: 0 | Y39: 0 | AD39: 0 | AK39: 175 | AL39: 175 | AM39: 0 | AN39: 0 | AP39: 0 | AS39: 75 | AU39: 3 | AW39: 97 | AZ39: 12 | BB39: 12 | BC39: 0 | BI39: 12 | BJ39: 0 | BK39: 0 | BO39: 1 | BR39: 0 | BT39: 1 | BX39: 0.1 | BY39: 0 | BZ39: 0 | CA39: 0 | CC39: 0.1 | CQ39: 19.9 | CR39: 0 | CS39: 0 | CT39: 10 | CU39: 0 | CV39: 9.9 | DK39: 0 | EJ39: 0.2 | EK39: 0.2 | EL39: 0 | EM39: 0 | FS39: =SUM(FL39+FM39+FN39+FO39+FP39)-FK39 -> 0 | IF39: =BX39+CG39+GB39+GK39+GT39 -> 0.1 | IG39: =BY39+CH39+GC39+GL39+GU39 -> 0 | IH39: =BZ39+CI39+GD39+GM39+GV39 -> 0 | II39: =CA39+CJ39+GE39+GN39+GW39 -> 0 | IJ39: =CB39+CK39+GF39+GO39+GX39 -> 0 | IK39: =CC39+CL39+GG39+GP39+GY39 -> 0.1 | IL39: =CD39+CM39+GH39+GQ39+GZ39 -> 0 | IM39: =CE39+CN39+GI39+GR39+HA39 -> 0 | IN39: =CQ39+EA39+EJ39+ES39 -> 20.1 | IO39: =CR39+EB39+EK39+ET39 -> 0.2 | IP39: =CS39+EC39+EL39+EU39 -> 0 | IQ39: =CT39+ED39+EM39+EV39 -> 10 | IR39: =CU39+EE39+EN39+EW39 -> 0 | IS39: =CV39+EF39+EO39+EX39 -> 9.9 | IT39: =CW39+EG39+EP39+EY39 -> 0 | IU39: =CX39+EH39+EQ39+EZ39 -> 0 | IV39: 7.2 | IW39: 1
A40: 34 | B40: Nidia Vanegas Trujillo | C40: El Doncello | D40: Birmania | E40: 11.3 | G40: 200 | I40: 200 | J40: 0 | P40: 200 | Q40: 0 | V40: 0 | W40: 0 | Y40: 0 | AD40: 0 | AF40: 0 | AK40: 60 | AL40: 60 | AM40: 0 | AN40: 0 | AP40: 0 | AS40: 60 | AU40: 0 | AZ40: 25 | BB40: 25 | BC40: 0 | BI40: 25 | BJ40: 0 | CV40: 0 | EJ40: 1 | EK40: 1 | EL40: 0 | EM40: 0 | FS40: =SUM(FL40+FM40+FN40+FO40+FP40)-FK40 -> 0 | HU40: 1 | HV40: 0 | HW40: 0 | HX40: 1 | IF40: =BX40+CG40+GB40+GK40+GT40 -> 0 | IG40: =BY40+CH40+GC40+GL40+GU40 -> 0 | IH40: =BZ40+CI40+GD40+GM40+GV40 -> 0 | II40: =CA40+CJ40+GE40+GN40+GW40 -> 0 | IJ40: =CB40+CK40+GF40+GO40+GX40 -> 0 | IK40: =CC40+CL40+GG40+GP40+GY40 -> 0 | IL40: =CD40+CM40+GH40+GQ40+GZ40 -> 0 | IM40: =CE40+CN40+GI40+GR40+HA40 -> 0 | IN40: =CQ40+EA40+EJ40+ES40 -> 1 | IO40: =CR40+EB40+EK40+ET40 -> 1 | IP40: =CS40+EC40+EL40+EU40 -> 0 | IQ40: =CT40+ED40+EM40+EV40 -> 0 | IR40: =CU40+EE40+EN40+EW40 -> 0 | IS40: =CV40+EF40+EO40+EX40 -> 0 | IT40: =CW40+EG40+EP40+EY40 -> 0 | IU40: =CX40+EH40+EQ40+EZ40 -> 0 | IV40: 4 | IW40: 1
A41: 35 | B41: Rosalba Ortiz | C41: El Doncello | D41: Birmania | E41: 19.9 | G41: 0 | I41: 0 | P41: 0 | V41: 0 | W41: 0 | Y41: 0 | AD41: 0 | AK41: 50 | AL41: 50 | AM41: 0 | AN41: 0 | AP41: 0 | AS41: 30 | AU41: 20 | AZ41: 30 | BB41: 30 | BC41: 0 | BI41: 30 | CQ41: 4.3 | CS41: 4.3 | CT41: 0 | CU41: 0 | CV41: 0 | EJ41: 0.5 | EK41: 0.5 | EL41: 0 | EM41: 0 | FS41: =SUM(FL41+FM41+FN41+FO41+FP41)-FK41 -> 0 | HL41: 1 | HM41: 0 | HN41: 0 | HO41: 0 | HQ41: 1 | IF41: =BX41+CG41+GB41+GK41+GT41 -> 0 | IG41: =BY41+CH41+GC41+GL41+GU41 -> 0 | IH41: =BZ41+CI41+GD41+GM41+GV41 -> 0 | II41: =CA41+CJ41+GE41+GN41+GW41 -> 0 | IJ41: =CB41+CK41+GF41+GO41+GX41 -> 0 | IK41: =CC41+CL41+GG41+GP41+GY41 -> 0 | IL41: =CD41+CM41+GH41+GQ41+GZ41 -> 0 | IM41: =CE41+CN41+GI41+GR41+HA41 -> 0 | IN41: =CQ41+EA41+EJ41+ES41 -> 4.8 | IO41: =CR41+EB41+EK41+ET41 -> 0.5 | IP41: =CS41+EC41+EL41+EU41 -> 4.3 | IQ41: =CT41+ED41+EM41+EV41 -> 0 | IR41: =CU41+EE41+EN41+EW41 -> 0 | IS41: =CV41+EF41+EO41+EX41 -> 0 | IT41: =CW41+EG41+EP41+EY41 -> 0 | IU41: =CX41+EH41+EQ41+EZ41 -> 0 | IV41: 8.4 | IW41: 1
A42: 36 | B42: Antonio Londoño | C42: El Doncello | D42: Birmania | E42: 23.3 | G42: 300 | I42: 300 | J42: 0 | P42: 300 | Q42: 0 | V42: 0 | W42: 0 | Y42: 0 | AD42: 0 | AK42: 35 | AL42: 35 | AM42: 0 | AN42: 0 | AP42: 0 | AS42: 0 | AU42: 35 | AZ42: 25 | BB42: 25 | BC42: 0 | BI42: 25 | BJ42: 0 | CQ42: 8.5 | CS42: 0 | CT42: 3.6 | CU42: 2 | CV42: 2.9 | DI42: 4 | DJ42: 12 | DM42: 5 | DN42: 4 | DO42: 3 | EJ42: 0.5 | EK42: 0.5 | EL42: 0 | EM42: 0 | FS42: =SUM(FL42+FM42+FN42+FO42+FP42)-FK42 -> 0 | HL42: 1 | HM42: 0 | HN42: 0 | HO42: 0 | HQ42: 1 | IF42: =BX42+CG42+GB42+GK42+GT42 -> 0 | IG42: =BY42+CH42+GC42+GL42+GU42 -> 0 | IH42: =BZ42+CI42+GD42+GM42+GV42 -> 0 | II42: =CA42+CJ42+GE42+GN42+GW42 -> 0 | IJ42: =CB42+CK42+GF42+GO42+GX42 -> 0 | IK42: =CC42+CL42+GG42+GP42+GY42 -> 0 | IL42: =CD42+CM42+GH42+GQ42+GZ42 -> 0 | IM42: =CE42+CN42+GI42+GR42+HA42 -> 0 | IN42: =CQ42+EA42+EJ42+ES42 -> 9 | IO42: =CR42+EB42+EK42+ET42 -> 0.5 | IP42: =CS42+EC42+EL42+EU42 -> 0 | IQ42: =CT42+ED42+EM42+EV42 -> 3.6 | IR42: =CU42+EE42+EN42+EW42 -> 2 | IS42: =CV42+EF42+EO42+EX42 -> 2.9 | IT42: =CW42+EG42+EP42+EY42 -> 0 | IU42: =CX42+EH42+EQ42+EZ42 -> 0 | IV42: 4.5 | IW42: 1
A43: 37 | B43: Aparicio Franco | C43: El Doncello | D43: Birmania | E43: 1.5 | G43: 200 | I43: 200 | J43: 0 | P43: 200 | Q43: 0 | V43: 0 | W43: 0 | Y43: 0 | AD43: 0 | AK43: 60 | AL43: 60 | AM43: 0 | AN43: 0 | AP43: 0 | AS43: 60 | AU43: 0 | AZ43: 0 | BB43: 0 | BC43: 0 | BI43: 0 | BJ43: 0 | EJ43: 1.1 | EK43: 0.5 | EL43: 0.6 | EM43: 0 | FS43: =SUM(FL43+FM43+FN43+FO43+FP43)-FK43 -> 0 | HL43: 1 | HM43: 0 | HN43: 0 | HO43: 0 | HQ43: 1 | IF43: =BX43+CG43+GB43+GK43+GT43 -> 0 | IG43: =BY43+CH43+GC43+GL43+GU43 -> 0 | IH43: =BZ43+CI43+GD43+GM43+GV43 -> 0 | II43: =CA43+CJ43+GE43+GN43+GW43 -> 0 | IJ43: =CB43+CK43+GF43+GO43+GX43 -> 0 | IK43: =CC43+CL43+GG43+GP43+GY43 -> 0 | IL43: =CD43+CM43+GH43+GQ43+GZ43 -> 0 | IM43: =CE43+CN43+GI43+GR43+HA43 -> 0 | IN43: =CQ43+EA43+EJ43+ES43 -> 1.1 | IO43: =CR43+EB43+EK43+ET43 -> 0.5 | IP43: =CS43+EC43+EL43+EU43 -> 0.6 | IQ43: =CT43+ED43+EM43+EV43 -> 0 | IR43: =CU43+EE43+EN43+EW43 -> 0 | IS43: =CV43+EF43+EO43+EX43 -> 0 | IT43: =CW43+EG43+EP43+EY43 -> 0 | IU43: =CX43+EH43+EQ43+EZ43 -> 0 | IV43: 0 | IW43: 1
A44: 38 | B44: Gilberto Andrés Arango Arias | C44: El Doncello | D44: Birmania | E44: 14 | G44: 600 | I44: 600 | J44: 0 | P44: 600 | Q44: 0 | V44: 0 | W44: 0 | Y44: 0 | AD44: 0 | AK44: 100 | AL44: 100 | AM44: 0 | AN44: 0 | AP44: 0 | AS44: 0 | AU44: 50 | AV44: 0 | AW44: 50 | AZ44: 50 | BB44: 50 | BC44: 0 | BI44: 0 | BK44: 20 | BL44: 30 | EJ44: 1 | EK44: 0.5 | EL44: 0 | EM44: 0.25 | EO44: 0.25 | FS44: =SUM(FL44+FM44+FN44+FO44+FP44)-FK44 -> 0 | IF44: =BX44+CG44+GB44+GK44+GT44 -> 0 | IG44: =BY44+CH44+GC44+GL44+GU44 -> 0 | IH44: =BZ44+CI44+GD44+GM44+GV44 -> 0 | II44: =CA44+CJ44+GE44+GN44+GW44 -> 0 | IJ44: =CB44+CK44+GF44+GO44+GX44 -> 0 | IK44: =CC44+CL44+GG44+GP44+GY44 -> 0 | IL44: =CD44+CM44+GH44+GQ44+GZ44 -> 0 | IM44: =CE44+CN44+GI44+GR44+HA44 -> 0 | IN44: =CQ44+EA44+EJ44+ES44 -> 1 | IO44: =CR44+EB44+EK44+ET44 -> 0.5 | IP44: =CS44+EC44+EL44+EU44 -> 0 | IQ44: =CT44+ED44+EM44+EV44 -> 0.25 | IR44: =CU44+EE44+EN44+EW44 -> 0 | IS44: =CV44+EF44+EO44+EX44 -> 0.25 | IT44: =CW44+EG44+EP44+EY44 -> 0 | IU44: =CX44+EH44+EQ44+EZ44 -> 0 | IV44: 9.1 | IW44: 1
A45: 39 | B45: Guillermo Parra | C45: El Doncello | D45: Birmania | E45: 74.6 | G45: 0 | I45: 0 | P45: 0 | V45: 0 | W45: 0 | Y45: 0 | AD45: 0 | AK45: 359 | AL45: 359 | AM45: 0 | AN45: 0 | AP45: 0 | AS45: 359 | AU45: 0 | AZ45: 0 | BB45: 0 | BI45: 0 | CQ45: 8.2 | CS45: 8.2 | CT45: 0 | DI45: 2 | DJ45: 12 | DL45: 12 | DM45: 0 | FS45: =SUM(FL45+FM45+FN45+FO45+FP45)-FK45 -> 0 | IF45: =BX45+CG45+GB45+GK45+GT45 -> 0 | IG45: =BY45+CH45+GC45+GL45+GU45 -> 0 | IH45: =BZ45+CI45+GD45+GM45+GV45 -> 0 | II45: =CA45+CJ45+GE45+GN45+GW45 -> 0 | IJ45: =CB45+CK45+GF45+GO45+GX45 -> 0 | IK45: =CC45+CL45+GG45+GP45+GY45 -> 0 | IL45: =CD45+CM45+GH45+GQ45+GZ45 -> 0 | IM45: =CE45+CN45+GI45+GR45+HA45 -> 0 | IN45: =CQ45+EA45+EJ45+ES45 -> 8.2 | IO45: =CR45+EB45+EK45+ET45 -> 0 | IP45: =CS45+EC45+EL45+EU45 -> 8.2 | IQ45: =CT45+ED45+EM45+EV45 -> 0 | IR45: =CU45+EE45+EN45+EW45 -> 0 | IS45: =CV45+EF45+EO45+EX45 -> 0 | IT45: =CW45+EG45+EP45+EY45 -> 0 | IU45: =CX45+EH45+EQ45+EZ45 -> 0 | IV45: 15.3 | IW45: 1
A46: 40 | B46: Jose Duvier Pareja | C46: El Doncello | D46: La Granada | E46: 32.1 | G46: 400 | I46: 400 | J46: 0 | P46: 400 | Q46: 0 | V46: 0 | W46: 0 | Y46: 0 | AD46: 0 | AK46: 250 | AL46: 150 | AM46: 0 | AN46: 0 | AO46: 100 | AP46: 0 | AS46: 0 | AU46: 100 | AV46: 100 | AW46: 50 | AZ46: 0 | BB46: 0 | BI46: 0 | BO46: 0 | BP46: 0 | BX46: 0 | BY46: 0 | CG46: 1 | CJ46: 0 | CK46: 0.5 | CL46: 0.5 | CQ46: 12.6 | CS46: 0 | CT46: 5.1 | CU46: 2 | CV46: 5.5 | CZ46: 300 | DA46: 0 | DB46: 0 | DC46: 100 | DD46: 0 | DE46: 200 | DI46: 4 | DJ46: 12 | DL46: 0 | DM46: 7 | DN46: 0 | DO46: 5 | FF46: 1 | FK46: 200 | FL46: 0 | FM46: 0 | FN46: 0 | FP46: 200 | FS46: =SUM(FL46+FM46+FN46+FO46+FP46)-FK46 -> 0 | HL46: 1 | HM46: 0 | HO46: 1 | IF46: =BX46+CG46+GB46+GK46+GT46 -> 1 | IG46: =BY46+CH46+GC46+GL46+GU46 -> 0 | IH46: =BZ46+CI46+GD46+GM46+GV46 -> 0 | II46: =CA46+CJ46+GE46+GN46+GW46 -> 0 | IJ46: =CB46+CK46+GF46+GO46+GX46 -> 0.5 | IK46: =CC46+CL46+GG46+GP46+GY46 -> 0.5 | IL46: =CD46+CM46+GH46+GQ46+GZ46 -> 0 | IM46: =CE46+CN46+GI46+GR46+HA46 -> 0 | IN46: =CQ46+EA46+EJ46+ES46 -> 12.6 | IO46: =CR46+EB46+EK46+ET46 -> 0 | IP46: =CS46+EC46+EL46+EU46 -> 0 | IQ46: =CT46+ED46+EM46+EV46 -> 5.1 | IR46: =CU46+EE46+EN46+EW46 -> 2 | IS46: =CV46+EF46+EO46+EX46 -> 5.5 | IT46: =CW46+EG46+EP46+EY46 -> 0 | IU46: =CX46+EH46+EQ46+EZ46 -> 0 | IV46: 10.1 | IW46: 1
A47: 41 | B47: Wilfredo Horta López | C47: El Doncello | D47: Birmania | E47: 21.7 | G47: 550 | I47: 550 | J47: 0 | P47: 550 | Q47: 0 | V47: 0 | W47: 0 | Y47: 0 | AD47: 0 | AK47: 245 | AL47: 245 | AM47: 0 | AN47: 0 | AP47: 0 | AS47: 145 | AU47: 0 | AV47: 100 | AZ47: 0 | BB47: 0 | BI47: 0 | CQ47: 4.3 | CS47: 2 | CT47: 2.3 | CU47: 0 | EJ47: 1 | EK47: 0 | EL47: 1 | EM47: 0 | FS47: =SUM(FL47+FM47+FN47+FO47+FP47)-FK47 -> 0 | HU47: 1 | HV47: 0 | HW47: 0 | HX47: 1 | ID47: 1 | IF47: =BX47+CG47+GB47+GK47+GT47 -> 0 | IG47: =BY47+CH47+GC47+GL47+GU47 -> 0 | IH47: =BZ47+CI47+GD47+GM47+GV47 -> 0 | II47: =CA47+CJ47+GE47+GN47+GW47 -> 0 | IJ47: =CB47+CK47+GF47+GO47+GX47 -> 0 | IK47: =CC47+CL47+GG47+GP47+GY47 -> 0 | IL47: =CD47+CM47+GH47+GQ47+GZ47 -> 0 | IM47: =CE47+CN47+GI47+GR47+HA47 -> 0 | IN47: =CQ47+EA47+EJ47+ES47 -> 5.3 | IO47: =CR47+EB47+EK47+ET47 -> 0 | IP47: =CS47+EC47+EL47+EU47 -> 3 | IQ47: =CT47+ED47+EM47+EV47 -> 2.3 | IR47: =CU47+EE47+EN47+EW47 -> 0 | IS47: =CV47+EF47+EO47+EX47 -> 0 | IT47: =CW47+EG47+EP47+EY47 -> 0 | IU47: =CX47+EH47+EQ47+EZ47 -> 0 | IV47: 4.1 | IW47: 1
A48: 42 | B48: Eliderman Carvajal | C48: El Doncello | D48: Birmania | E48: 22 | G48: 0 | I48: 0 | P48: 0 | V48: 0 | W48: 0 | Y48: 0 | AD48: 0 | AK48: 100 | AL48: 100 | AM48: 0 | AN48: 0 | AP48: 0 | AS48: 100 | AU48: 0 | AZ48: 25 | BB48: 25 | BC48: 0 | BI48: 25 | BJ48: 0 | CQ48: 6.5 | CS48: 6.5 | CT48: 0 | CU48: 0 | DI48: 2 | DJ48: 8 | DL48: 8 | DM48: 0 | DN48: 0 | FB48: 1 | FC48: 1 | FE48: 0 | FS48: =SUM(FL48+FM48+FN48+FO48+FP48)-FK48 -> 0 | HU48: 1 | HV48: 0 | HX48: 1 | ID48: 1 | IF48: =BX48+CG48+GB48+GK48+GT48 -> 0 | IG48: =BY48+CH48+GC48+GL48+GU48 -> 0 | IH48: =BZ48+CI48+GD48+GM48+GV48 -> 0 | II48: =CA48+CJ48+GE48+GN48+GW48 -> 0 | IJ48: =CB48+CK48+GF48+GO48+GX48 -> 0 | IK48: =CC48+CL48+GG48+GP48+GY48 -> 0 | IL48: =CD48+CM48+GH48+GQ48+GZ48 -> 0 | IM48: =CE48+CN48+GI48+GR48+HA48 -> 0 | IN48: =CQ48+EA48+EJ48+ES48 -> 6.5 | IO48: =CR48+EB48+EK48+ET48 -> 0 | IP48: =CS48+EC48+EL48+EU48 -> 6.5 | IQ48: =CT48+ED48+EM48+EV48 -> 0 | IR48: =CU48+EE48+EN48+EW48 -> 0 | IS48: =CV48+EF48+EO48+EX48 -> 0 | IT48: =CW48+EG48+EP48+EY48 -> 0 | IU48: =CX48+EH48+EQ48+EZ48 -> 0 | IV48: 1.9 | IW48: 1
A49: 43 | B49: Andrés Rodríguez | C49: El Doncello | D49: La Ceiba | E49: 6.9 | G49: 100 | I49: 100 | J49: 0 | P49: 100 | V49: 0 | W49: 0 | Y49: 0 | AD49: 0 | AK49: 299 | AL49: 296 | AM49: 0 | AN49: 0 | AO49: 3 | AP49: 0 | AS49: 100 | AU49: 0 | AW49: 199 | AZ49: 23 | BB49: 23 | BC49: 0 | BI49: 23 | BJ49: 0 | BO49: 1 | BP49: 0 | BQ49: 0 | BT49: 1 | BX49: 0.07 | BY49: 0 | BZ49: 0 | CA49: 0 | CC49: 0.07 | CQ49: 3.1 | CS49: 1.5 | CT49: 0 | CU49: 1.3 | CV49: 0.3 | CZ49: 1000 | DA49: 0 | DB49: 650 | DD49: 100 | DE49: 250 | DI49: 1 | DJ49: 14 | DL49: 0 | DN49: 10 | DO49: 4 | EJ49: 0.3 | EK49: 0.3 | EM49: 0 | FS49: =SUM(FL49+FM49+FN49+FO49+FP49)-FK49 -> 0 | HL49: 1 | HM49: 0 | HN49: 0 | HO49: 0 | HP49: 0.5 | HQ49: 0.5 | IF49: =BX49+CG49+GB49+GK49+GT49 -> 0.07 | IG49: =BY49+CH49+GC49+GL49+GU49 -> 0 | IH49: =BZ49+CI49+GD49+GM49+GV49 -> 0 | II49: =CA49+CJ49+GE49+GN49+GW49 -> 0 | IJ49: =CB49+CK49+GF49+GO49+GX49 -> 0 | IK49: =CC49+CL49+GG49+GP49+GY49 -> 0.07 | IL49: =CD49+CM49+GH49+GQ49+GZ49 -> 0 | IM49: =CE49+CN49+GI49+GR49+HA49 -> 0 | IN49: =CQ49+EA49+EJ49+ES49 -> 3.4 | IO49: =CR49+EB49+EK49+ET49 -> 0.3 | IP49: =CS49+EC49+EL49+EU49 -> 1.5 | IQ49: =CT49+ED49+EM49+EV49 -> 0 | IR49: =CU49+EE49+EN49+EW49 -> 1.3 | IS49: =CV49+EF49+EO49+EX49 -> 0.3 | IT49: =CW49+EG49+EP49+EY49 -> 0 | IU49: =CX49+EH49+EQ49+EZ49 -> 0 | IV49: 0.2 | IW49: 1
A50: 44 | B50: Carlos Julio Angulo | C50: El Doncello | D50: La Ceiba | E50: 15.2 | G50: 0 | I50: 0 | P50: 0 | V50: 0 | W50: 0 | Y50: 0 | AD50: 0 | AK50: 550 | AL50: 550 | AM50: 0 | AN50: 0 | AP50: 0 | AS50: 150 | AU50: 400 | AV50: 0 | AZ50: 120 | BB50: 120 | BC50: 0 | BI50: 120 | BJ50: 0 | BK50: 0 | CQ50: 6 | CS50: 0 | CT50: 6 | CU50: 0 | CZ50: 1000 | DA50: 0 | DB50: 0 | DC50: 1000 | DD50: 0 | DI50: 5 | DJ50: 14 | DK50: 10 | DL50: 10 | DM50: 4 | DN50: 0 | DO50: 0 | EJ50: 0.3 | EK50: 0.2 | EL50: 0.1 | EM50: 0 | FS50: =SUM(FL50+FM50+FN50+FO50+FP50)-FK50 -> 0 | IF50: =BX50+CG50+GB50+GK50+GT50 -> 0 | IG50: =BY50+CH50+GC50+GL50+GU50 -> 0 | IH50: =BZ50+CI50+GD50+GM50+GV50 -> 0 | II50: =CA50+CJ50+GE50+GN50+GW50 -> 0 | IJ50: =CB50+CK50+GF50+GO50+GX50 -> 0 | IK50: =CC50+CL50+GG50+GP50+GY50 -> 0 | IL50: =CD50+CM50+GH50+GQ50+GZ50 -> 0 | IM50: =CE50+CN50+GI50+GR50+HA50 -> 0 | IN50: =CQ50+EA50+EJ50+ES50 -> 6.3 | IO50: =CR50+EB50+EK50+ET50 -> 0.2 | IP50: =CS50+EC50+EL50+EU50 -> 0.1 | IQ50: =CT50+ED50+EM50+EV50 -> 6 | IR50: =CU50+EE50+EN50+EW50 -> 0 | IS50: =CV50+EF50+EO50+EX50 -> 0 | IT50: =CW50+EG50+EP50+EY50 -> 0 | IU50: =CX50+EH50+EQ50+EZ50 -> 0 | IV50: 0.4 | IW50: 1
A51: 45 | B51: Misael Valdés | C51: El Doncello | D51: La Ceiba | E51: 12.8 | G51: 300 | I51: 300 | J51: 0 | P51: 300 | Q51: 0 | V51: 500 | W51: 0 | Y51: 500 | AD51: 0 | AF51: 0 | AG51: 500 | AK51: 140 | AL51: 140 | AM51: 0 | AN51: 0 | AP51: 0 | AS51: 140 | AU51: 0 | AZ51: 15 | BB51: 15 | BC51: 0 | BI51: 15 | BK51: 0 | CG51: 0.3 | CI51: 0 | CJ51: 0.3 | CK51: 0 | CQ51: 2.5 | CS51: 0 | CT51: 0 | CU51: 1 | CV51: 1.5 | CZ51: 300 | DA51: 0 | DB51: 0 | DC51: 0 | DD51: 50 | DE51: 250 | EJ51: 1 | EK51: 0 | EL51: 0.5 | EM51: 0 | EN51: 0.5 | FS51: =SUM(FL51+FM51+FN51+FO51+FP51)-FK51 -> 0 | IF51: =BX51+CG51+GB51+GK51+GT51 -> 0.3 | IG51: =BY51+CH51+GC51+GL51+GU51 -> 0 | IH51: =BZ51+CI51+GD51+GM51+GV51 -> 0 | II51: =CA51+CJ51+GE51+GN51+GW51 -> 0.3 | IJ51: =CB51+CK51+GF51+GO51+GX51 -> 0 | IK51: =CC51+CL51+GG51+GP51+GY51 -> 0 | IL51: =CD51+CM51+GH51+GQ51+GZ51 -> 0 | IM51: =CE51+CN51+GI51+GR51+HA51 -> 0 | IN51: =CQ51+EA51+EJ51+ES51 -> 3.5 | IO51: =CR51+EB51+EK51+ET51 -> 0 | IP51: =CS51+EC51+EL51+EU51 -> 0.5 | IQ51: =CT51+ED51+EM51+EV51 -> 0 | IR51: =CU51+EE51+EN51+EW51 -> 1.5 | IS51: =CV51+EF51+EO51+EX51 -> 1.5 | IT51: =CW51+EG51+EP51+EY51 -> 0 | IU51: =CX51+EH51+EQ51+EZ51 -> 0 | IV51: 0.06 | IW51: 1
A52: 46 | B52: José Omar Orozco Valencia | C52: El Doncello | D52: La Ceiba | E52: 40.6 | G52: 200 | I52: 200 | J52: 0 | P52: 200 | Q52: 0 | V52: 0 | W52: 0 | Y52: 0 | AD52: 0 | AK52: 474 | AL52: 464 | AM52: 0 | AN52: 10 | AP52: 0 | AS52: 464 | AU52: 10 | AV52: 0 | AZ52: 55 | BB52: 55 | BC52: 0 | BI52: 55 | BJ52: 0 | BK52: 0 | CQ52: 9.7 | CS52: 5 | CT52: 4.7 | CU52: 0 | CZ52: 1200 | DA52: 0 | DB52: 500 | DC52: 700 | DD52: 0 | EJ52: 0.4 | EK52: 0 | EL52: 0.4 | EM52: 0 | FS52: =SUM(FL52+FM52+FN52+FO52+FP52)-FK52 -> 0 | GT52: 0.3 | GU52: 0 | GV52: 0.3 | GW52: 0 | IF52: =BX52+CG52+GB52+GK52+GT52 -> 0.3 | IG52: =BY52+CH52+GC52+GL52+GU52 -> 0 | IH52: =BZ52+CI52+GD52+GM52+GV52 -> 0.3 | II52: =CA52+CJ52+GE52+GN52+GW52 -> 0 | IJ52: =CB52+CK52+GF52+GO52+GX52 -> 0 | IK52: =CC52+CL52+GG52+GP52+GY52 -> 0 | IL52: =CD52+CM52+GH52+GQ52+GZ52 -> 0 | IM52: =CE52+CN52+GI52+GR52+HA52 -> 0 | IN52: =CQ52+EA52+EJ52+ES52 -> 10.1 | IO52: =CR52+EB52+EK52+ET52 -> 0 | IP52: =CS52+EC52+EL52+EU52 -> 5.4 | IQ52: =CT52+ED52+EM52+EV52 -> 4.7 | IR52: =CU52+EE52+EN52+EW52 -> 0 | IS52: =CV52+EF52+EO52+EX52 -> 0 | IT52: =CW52+EG52+EP52+EY52 -> 0 | IU52: =CX52+EH52+EQ52+EZ52 -> 0 | IV52: 3 | IW52: 1
A53: 47 | B53: Luis Chindicue Moreno | C53: El Doncello | D53: La Ceiba | E53: 33.8 | G53: 0 | I53: 0 | P53: 0 | V53: 0 | W53: 0 | Y53: 0 | AD53: 0 | AK53: 300 | AL53: 300 | AM53: 0 | AN53: 0 | AP53: 0 | AS53: 300 | AU53: 0 | AZ53: 0 | BB53: 0 | BC53: 0 | BI53: 0 | BJ53: 0 | EJ53: 1.6 | EK53: 1.6 | EL53: 0 | EM53: 0 | FS53: =SUM(FL53+FM53+FN53+FO53+FP53)-FK53 -> 0 | HL53: 1 | HM53: 0 | HN53: 0 | HO53: 1 | IF53: =BX53+CG53+GB53+GK53+GT53 -> 0 | IG53: =BY53+CH53+GC53+GL53+GU53 -> 0 | IH53: =BZ53+CI53+GD53+GM53+GV53 -> 0 | II53: =CA53+CJ53+GE53+GN53+GW53 -> 0 | IJ53: =CB53+CK53+GF53+GO53+GX53 -> 0 | IK53: =CC53+CL53+GG53+GP53+GY53 -> 0 | IL53: =CD53+CM53+GH53+GQ53+GZ53 -> 0 | IM53: =CE53+CN53+GI53+GR53+HA53 -> 0 | IN53: =CQ53+EA53+EJ53+ES53 -> 1.6 | IO53: =CR53+EB53+EK53+ET53 -> 1.6 | IP53: =CS53+EC53+EL53+EU53 -> 0 | IQ53: =CT53+ED53+EM53+EV53 -> 0 | IR53: =CU53+EE53+EN53+EW53 -> 0 | IS53: =CV53+EF53+EO53+EX53 -> 0 | IT53: =CW53+EG53+EP53+EY53 -> 0 | IU53: =CX53+EH53+EQ53+EZ53 -> 0 | IV53: 3.8 | IW53: 1
A54: 48 | B54: Yeimy Gutiérrez Hernández | C54: El Doncello | D54: La Ceiba | E54: 12.8 | G54: 150 | I54: 150 | J54: 0 | P54: 150 | Q54: 0 | V54: 0 | W54: 0 | Y54: 0 | AD54: 0 | AK54: 754 | AL54: 200 | AM54: 0 | AN54: 5 | AO54: 549 | AP54: 0 | AS54: 200 | AU54: 5 | AV54: 549 | AZ54: 60 | BB54: 60 | BC54: 0 | BI54: 60 | BJ54: 0 | BK54: 0 | BO54: 2 | BP54: 0 | BQ54: 2 | BR54: 0 | BX54: 0.69 | BY54: 0 | BZ54: 0.69 | CA54: 0 | CG54: 0.5 | CI54: 0 | CJ54: 0.5 | CK54: 0 | CQ54: 4.2 | CS54: 4.2 | CT54: 0 | CU54: 0 | CZ54: 700 | DA54: 0 | DB54: 700 | DC54: 0 | DD54: 0 | DI54: 4 | DJ54: 8 | DK54: 2 | DL54: 7 | DM54: 1 | DN54: 0 | EJ54: 0.11 | EK54: 0 | EL54: 0.11 | EM54: 0 | FK54: 400 | FL54: 0 | FN54: 0 | FO54: 200 | FP54: 200 | FS54: =SUM(FL54+FM54+FN54+FO54+FP54)-FK54 -> 0 | GT54: 1 | GU54: 0 | GV54: 0.5 | GW54: 0 | GX54: 0.5 | HL54: 0 | HM54: 0 | HU54: 1 | HV54: 0 | HW54: 0 | HX54: 0 | HY54: 1 | IF54: =BX54+CG54+GB54+GK54+GT54 -> 2.19 | IG54: =BY54+CH54+GC54+GL54+GU54 -> 0 | IH54: =BZ54+CI54+GD54+GM54+GV54 -> 1.19 | II54: =CA54+CJ54+GE54+GN54+GW54 -> 0.5 | IJ54: =CB54+CK54+GF54+GO54+GX54 -> 0.5 | IK54: =CC54+CL54+GG54+GP54+GY54 -> 0 | IL54: =CD54+CM54+GH54+GQ54+GZ54 -> 0 | IM54: =CE54+CN54+GI54+GR54+HA54 -> 0 | IN54: =CQ54+EA54+EJ54+ES54 -> 4.31 | IO54: =CR54+EB54+EK54+ET54 -> 0 | IP54: =CS54+EC54+EL54+EU54 -> 4.31 | IQ54: =CT54+ED54+EM54+EV54 -> 0 | IR54: =CU54+EE54+EN54+EW54 -> 0 | IS54: =CV54+EF54+EO54+EX54 -> 0 | IT54: =CW54+EG54+EP54+EY54 -> 0 | IU54: =CX54+EH54+EQ54+EZ54 -> 0 | IV54: 1 | IW54: 1
A55: 49 | B55: Narciso Aley Aley | C55: El Doncello | D55: La Ceiba | E55: 6.3 | G55: 0 | I55: 0 | P55: 0 | V55: 0 | W55: 0 | Y55: 0 | AD55: 0 | AK55: 300 | AL55: 300 | AM55: 0 | AN55: 0 | AP55: 0 | AS55: 300 | AU55: 0 | AV55: 0 | AZ55: 20 | BB55: 20 | BC55: 0 | BI55: 20 | BJ55: 0 | BK55: 0 | CG55: 0.2 | CI55: 0.2 | CJ55: 0 | CK55: 0 | CQ55: 2 | CS55: 1 | CT55: 1 | CU55: 0 | DI55: 3 | DJ55: 8 | DK55: 8 | DL55: 0 | DM55: 0 | DN55: 0 | EJ55: 0.7 | EK55: 0.7 | EL55: 0 | EM55: 0 | FS55: =SUM(FL55+FM55+FN55+FO55+FP55)-FK55 -> 0 | IF55: =BX55+CG55+GB55+GK55+GT55 -> 0.2 | IG55: =BY55+CH55+GC55+GL55+GU55 -> 0 | IH55: =BZ55+CI55+GD55+GM55+GV55 -> 0.2 | II55: =CA55+CJ55+GE55+GN55+GW55 -> 0 | IJ55: =CB55+CK55+GF55+GO55+GX55 -> 0 | IK55: =CC55+CL55+GG55+GP55+GY55 -> 0 | IL55: =CD55+CM55+GH55+GQ55+GZ55 -> 0 | IM55: =CE55+CN55+GI55+GR55+HA55 -> 0 | IN55: =CQ55+EA55+EJ55+ES55 -> 2.7 | IO55: =CR55+EB55+EK55+ET55 -> 0.7 | IP55: =CS55+EC55+EL55+EU55 -> 1 | IQ55: =CT55+ED55+EM55+EV55 -> 1 | IR55: =CU55+EE55+EN55+EW55 -> 0 | IS55: =CV55+EF55+EO55+EX55 -> 0 | IT55: =CW55+EG55+EP55+EY55 -> 0 | IU55: =CX55+EH55+EQ55+EZ55 -> 0 | IV55: 0.5 | IW55: 1
A56: 50 | B56: Juan Gabriel Hoyos | C56: El Doncello | D56: La Granada | E56: 4.7 | G56: 500 | I56: 500 | J56: 0 | P56: 500 | Q56: 0 | V56: 0 | W56: 0 | Y56: 0 | AD56: 0 | AK56: 1402 | AL56: 0 | AM56: 0 | AN56: 0 | AO56: 1402 | AP56: 0 | AS56: 0 | AU56: 0 | AV56: 100 | AW56: 1302 | AZ56: 0 | BB56: 0 | BC56: 0 | BI56: 0 | BJ56: 0 | CQ56: 4 | CS56: 0 | CT56: 2 | CU56: 0 | CV56: 2 | CZ56: 1000 | DA56: 0 | DB56: 0 | DC56: 100 | DD56: 0 | DE56: 900 | DI56: 1 | DJ56: 15 | DL56: 0 | DM56: 7 | DN56: 0 | DO56: 8 | EJ56: 0.5 | EK56: 0 | EL56: 0.5 | FS56: =SUM(FL56+FM56+FN56+FO56+FP56)-FK56 -> 0 | IF56: =BX56+CG56+GB56+GK56+GT56 -> 0 | IG56: =BY56+CH56+GC56+GL56+GU56 -> 0 | IH56: =BZ56+CI56+GD56+GM56+GV56 -> 0 | II56: =CA56+CJ56+GE56+GN56+GW56 -> 0 | IJ56: =CB56+CK56+GF56+GO56+GX56 -> 0 | IK56: =CC56+CL56+GG56+GP56+GY56 -> 0 | IL56: =CD56+CM56+GH56+GQ56+GZ56 -> 0 | IM56: =CE56+CN56+GI56+GR56+HA56 -> 0 | IN56: =CQ56+EA56+EJ56+ES56 -> 4.5 | IO56: =CR56+EB56+EK56+ET56 -> 0 | IP56: =CS56+EC56+EL56+EU56 -> 0.5 | IQ56: =CT56+ED56+EM56+EV56 -> 2 | IR56: =CU56+EE56+EN56+EW56 -> 0 | IS56: =CV56+EF56+EO56+EX56 -> 2 | IT56: =CW56+EG56+EP56+EY56 -> 0 | IU56: =CX56+EH56+EQ56+EZ56 -> 0 | IV56: 0.7 | IW56: 1
A57: 51 | B57: Blanca Lilia Carvajal | C57: El Doncello | D57: La Granada | E57: 68.5 | G57: 0 | I57: 0 | P57: 0 | V57: 0 | W57: 0 | Y57: 0 | AD57: 0 | AK57: 825 | AL57: 822 | AM57: 0 | AN57: 0 | AO57: 3 | AP57: 0 | AS57: 543 | AU57: 279 | AV57: 3 | AZ57: 13 | BB57: 13 | BC57: 0 | BI57: 13 | BJ57: 0 | CG57: 1.1 | CI57: 0 | CJ57: 0.5 | CK57: 0 | CL57: 0.6 | CQ57: 10.4 | CS57: 2 | CT57: 8 | CU57: 0 | CV57: 0.4 | CZ57: 1000 | DA57: 0 | DB57: 0 | DC57: 700 | DD57: 300 | DI57: 5 | DJ57: 15 | DK57: 2 | DL57: 3 | DM57: 2 | DN57: 3 | DO57: 5 | EJ57: 0.1 | EK57: 0 | EL57: 0.1 | EM57: 0 | FS57: =SUM(FL57+FM57+FN57+FO57+FP57)-FK57 -> 0 | FT57: 1 | FX57: 1 | HL57: 0 | HM57: 0 | IF57: =BX57+CG57+GB57+GK57+GT57 -> 1.1 | IG57: =BY57+CH57+GC57+GL57+GU57 -> 0 | IH57: =BZ57+CI57+GD57+GM57+GV57 -> 0 | II57: =CA57+CJ57+GE57+GN57+GW57 -> 0.5 | IJ57: =CB57+CK57+GF57+GO57+GX57 -> 0 | IK57: =CC57+CL57+GG57+GP57+GY57 -> 0.6 | IL57: =CD57+CM57+GH57+GQ57+GZ57 -> 0 | IM57: =CE57+CN57+GI57+GR57+HA57 -> 0 | IN57: =CQ57+EA57+EJ57+ES57 -> 10.5 | IO57: =CR57+EB57+EK57+ET57 -> 0 | IP57: =CS57+EC57+EL57+EU57 -> 2.1 | IQ57: =CT57+ED57+EM57+EV57 -> 8 | IR57: =CU57+EE57+EN57+EW57 -> 0 | IS57: =CV57+EF57+EO57+EX57 -> 0.4 | IT57: =CW57+EG57+EP57+EY57 -> 0 | IU57: =CX57+EH57+EQ57+EZ57 -> 0 | IV57: 5 | IW57: 1
A58: 52 | B58: Pedro Pablo Hoyos | C58: El Doncello | D58: La Granada | E58: 3.3 | G58: 100 | I58: 100 | J58: 0 | P58: 100 | Q58: 0 | V58: 0 | W58: 0 | Y58: 0 | AD58: 0 | AK58: 274 | AL58: 271 | AM58: 0 | AN58: 0 | AO58: 3 | AP58: 0 | AS58: 99 | AU58: 172 | AW58: 3 | AZ58: 23 | BB58: 23 | BC58: 0 | BI58: 23 | BJ58: 0 | BK58: 0 | CQ58: 1.8 | CS58: 0.1 | CT58: 0.9 | CU58: 0 | CV58: 0.8 | CZ58: 1000 | DA58: 0 | DB58: 0 | DC58: 200 | DD58: 100 | DE58: 700 | DI58: 1 | DJ58: 15 | DK58: 4 | DL58: 0 | DM58: 4 | DN58: 1 | DO58: 6 | EJ58: 0.2 | EK58: 0 | EL58: 0.2 | EM58: 0 | FS58: =SUM(FL58+FM58+FN58+FO58+FP58)-FK58 -> 0 | IF58: =BX58+CG58+GB58+GK58+GT58 -> 0 | IG58: =BY58+CH58+GC58+GL58+GU58 -> 0 | IH58: =BZ58+CI58+GD58+GM58+GV58 -> 0 | II58: =CA58+CJ58+GE58+GN58+GW58 -> 0 | IJ58: =CB58+CK58+GF58+GO58+GX58 -> 0 | IK58: =CC58+CL58+GG58+GP58+GY58 -> 0 | IL58: =CD58+CM58+GH58+GQ58+GZ58 -> 0 | IM58: =CE58+CN58+GI58+GR58+HA58 -> 0 | IN58: =CQ58+EA58+EJ58+ES58 -> 2 | IO58: =CR58+EB58+EK58+ET58 -> 0 | IP58: =CS58+EC58+EL58+EU58 -> 0.3 | IQ58: =CT58+ED58+EM58+EV58 -> 0.9 | IR58: =CU58+EE58+EN58+EW58 -> 0 | IS58: =CV58+EF58+EO58+EX58 -> 0.8 | IT58: =CW58+EG58+EP58+EY58 -> 0 | IU58: =CX58+EH58+EQ58+EZ58 -> 0 | IV58: 1.2 | IW58: 1
A59: 53 | B59: Juan Carlos Robledo | C59: El Doncello | D59: La Granada | E59: 65.9 | G59: 0 | I59: 0 | P59: 0 | V59: 0 | W59: 0 | Y59: 0 | AD59: 0 | AK59: 550 | AL59: 550 | AM59: 0 | AN59: 0 | AP59: 0 | AS59: 200 | AU59: 200 | AV59: 150 | AZ59: 40 | BB59: 40 | BC59: 0 | BI59: 40 | BJ59: 0 | BK59: 0 | CQ59: 8.5 | CS59: 1 | CT59: 0 | CU59: 2 | CV59: 5.5 | DI59: 2 | DJ59: 4 | DL59: 2 | DM59: 0 | DN59: 1 | DO59: 1 | EJ59: 0.5 | EK59: 0 | EL59: 0.5 | FS59: =SUM(FL59+FM59+FN59+FO59+FP59)-FK59 -> 0 | IF59: =BX59+CG59+GB59+GK59+GT59 -> 0 | IG59: =BY59+CH59+GC59+GL59+GU59 -> 0 | IH59: =BZ59+CI59+GD59+GM59+GV59 -> 0 | II59: =CA59+CJ59+GE59+GN59+GW59 -> 0 | IJ59: =CB59+CK59+GF59+GO59+GX59 -> 0 | IK59: =CC59+CL59+GG59+GP59+GY59 -> 0 | IL59: =CD59+CM59+GH59+GQ59+GZ59 -> 0 | IM59: =CE59+CN59+GI59+GR59+HA59 -> 0 | IN59: =CQ59+EA59+EJ59+ES59 -> 9 | IO59: =CR59+EB59+EK59+ET59 -> 0 | IP59: =CS59+EC59+EL59+EU59 -> 1.5 | IQ59: =CT59+ED59+EM59+EV59 -> 0 | IR59: =CU59+EE59+EN59+EW59 -> 2 | IS59: =CV59+EF59+EO59+EX59 -> 5.5 | IT59: =CW59+EG59+EP59+EY59 -> 0 | IU59: =CX59+EH59+EQ59+EZ59 -> 0 | IV59: 8.7 | IW59: 1
A60: 54 | B60: Wilmer Moreno | C60: El Doncello | D60: La Granada | E60: 115.1 | G60: 0 | I60: 0 | P60: 0 | V60: 0 | W60: 0 | Y60: 0 | AD60: 0 | AK60: 450 | AL60: 450 | AM60: 0 | AP60: 0 | AS60: 350 | AU60: 100 | AV60: 0 | AZ60: 50 | BB60: 50 | BC60: 0 | BI60: 50 | BJ60: 0 | BK60: 0 | CQ60: 14.8 | CS60: 0 | CT60: 5 | CU60: 3 | CV60: 6.8 | CZ60: 500 | DA60: 0 | DB60: 0 | DC60: 200 | DD60: 50 | DE60: 250 | EJ60: 1.2 | EK60: 0 | EL60: 1.2 | EM60: 0 | ES60: 0.7 | ET60: 0 | EU60: 0 | EV60: 0 | EX60: 0.7 | FS60: =SUM(FL60+FM60+FN60+FO60+FP60)-FK60 -> 0 | IF60: =BX60+CG60+GB60+GK60+GT60 -> 0 | IG60: =BY60+CH60+GC60+GL60+GU60 -> 0 | IH60: =BZ60+CI60+GD60+GM60+GV60 -> 0 | II60: =CA60+CJ60+GE60+GN60+GW60 -> 0 | IJ60: =CB60+CK60+GF60+GO60+GX60 -> 0 | IK60: =CC60+CL60+GG60+GP60+GY60 -> 0 | IL60: =CD60+CM60+GH60+GQ60+GZ60 -> 0 | IM60: =CE60+CN60+GI60+GR60+HA60 -> 0 | IN60: =CQ60+EA60+EJ60+ES60 -> 16.7 | IO60: =CR60+EB60+EK60+ET60 -> 0 | IP60: =CS60+EC60+EL60+EU60 -> 1.2 | IQ60: =CT60+ED60+EM60+EV60 -> 5 | IR60: =CU60+EE60+EN60+EW60 -> 3 | IS60: =CV60+EF60+EO60+EX60 -> 7.5 | IT60: =CW60+EG60+EP60+EY60 -> 0 | IU60: =CX60+EH60+EQ60+EZ60 -> 0 | IV60: 1.2 | IW60: 1
A61: 55 | B61: Álvaro Moreno Caranton | C61: El Doncello | D61: La Granada | E61: 28.8 | G61: 0 | I61: 0 | P61: 0 | V61: 0 | W61: 0 | Y61: 0 | AD61: 0 | AK61: 1025 | AL61: 500 | AM61: 0 | AN61: 0 | AO61: 525 | AP61: 0 | AS61: 500 | AU61: 0 | AV61: 525 | AW61: 0 | AZ61: 0 | BB61: 0 | BI61: 0 | CQ61: 9 | CS61: 0 | CT61: 3 | CU61: 2 | CV61: 4 | CZ61: 400 | DA61: 0 | DB61: 0 | DC61: 0 | DD61: 0 | DE61: 400 | DJ61: 20 | DM61: 6 | DN61: 4 | DO61: 10 | EJ61: 1.5 | EK61: 0 | EL61: 0.4 | EM61: 0.2 | EN61: 0.9 | FS61: =SUM(FL61+FM61+FN61+FO61+FP61)-FK61 -> 0 | IF61: =BX61+CG61+GB61+GK61+GT61 -> 0 | IG61: =BY61+CH61+GC61+GL61+GU61 -> 0 | IH61: =BZ61+CI61+GD61+GM61+GV61 -> 0 | II61: =CA61+CJ61+GE61+GN61+GW61 -> 0 | IJ61: =CB61+CK61+GF61+GO61+GX61 -> 0 | IK61: =CC61+CL61+GG61+GP61+GY61 -> 0 | IL61: =CD61+CM61+GH61+GQ61+GZ61 -> 0 | IM61: =CE61+CN61+GI61+GR61+HA61 -> 0 | IN61: =CQ61+EA61+EJ61+ES61 -> 10.5 | IO61: =CR61+EB61+EK61+ET61 -> 0 | IP61: =CS61+EC61+EL61+EU61 -> 0.4 | IQ61: =CT61+ED61+EM61+EV61 -> 3.2 | IR61: =CU61+EE61+EN61+EW61 -> 2.9 | IS61: =CV61+EF61+EO61+EX61 -> 4 | IT61: =CW61+EG61+EP61+EY61 -> 0 | IU61: =CX61+EH61+EQ61+EZ61 -> 0 | IV61: 8.7 | IW61: 1
A62: 56 | B62: Claudia Jimena Sierra Arias | C62: El Doncello | D62: La Granada | E62: 21.8 | G62: 0 | I62: 0 | P62: 0 | V62: 0 | W62: 0 | Y62: 0 | AD62: 0 | AK62: 500 | AL62: 500 | AM62: 0 | AN62: 0 | AP62: 0 | AS62: 500 | AU62: 0 | AZ62: 0 | BB62: 0 | BC62: 0 | BI62: 0 | BJ62: 0 | CQ62: 17.3 | CS62: 17.3 | CT62: 0 | CU62: 0 | CZ62: 1000 | DA62: 0 | DB62: 1000 | DC62: 0 | DD62: 0 | FS62: =SUM(FL62+FM62+FN62+FO62+FP62)-FK62 -> 0 | HL62: 1 | HM62: 0 | HN62: 0 | HO62: 1 | IF62: =BX62+CG62+GB62+GK62+GT62 -> 0 | IG62: =BY62+CH62+GC62+GL62+GU62 -> 0 | IH62: =BZ62+CI62+GD62+GM62+GV62 -> 0 | II62: =CA62+CJ62+GE62+GN62+GW62 -> 0 | IJ62: =CB62+CK62+GF62+GO62+GX62 -> 0 | IK62: =CC62+CL62+GG62+GP62+GY62 -> 0 | IL62: =CD62+CM62+GH62+GQ62+GZ62 -> 0 | IM62: =CE62+CN62+GI62+GR62+HA62 -> 0 | IN62: =CQ62+EA62+EJ62+ES62 -> 17.3 | IO62: =CR62+EB62+EK62+ET62 -> 0 | IP62: =CS62+EC62+EL62+EU62 -> 17.3 | IQ62: =CT62+ED62+EM62+EV62 -> 0 | IR62: =CU62+EE62+EN62+EW62 -> 0 | IS62: =CV62+EF62+EO62+EX62 -> 0 | IT62: =CW62+EG62+EP62+EY62 -> 0 | IU62: =CX62+EH62+EQ62+EZ62 -> 0 | IV62: 1.1 | IW62: 1
A63: 58 | B63: Jesús Antonio Puente | C63: El Doncello | D63: San José | E63: 16.1 | G63: 300 | I63: 300 | J63: 0 | P63: 300 | Q63: 0 | V63: 0 | W63: 0 | Y63: 0 | AD63: 0 | AK63: 570 | AL63: 565 | AM63: 0 | AN63: 5 | AP63: 0 | AS63: 565 | AU63: 5 | AZ63: 20 | BB63: 20 | BC63: 0 | BI63: 20 | BJ63: 0 | BK63: 0 | BO63: 1 | BP63: 0 | BQ63: 0 | BR63: 0 | BT63: 1 | BX63: 0.2 | BY63: 0 | BZ63: 0 | CA63: 0 | CC63: 0.2 | CQ63: 7.7 | CS63: 5 | CT63: 0.3 | CU63: 0 | CV63: 2.4 | CZ63: 2000 | DA63: 0 | DB63: 0 | DD63: 100 | DE63: 1900 | DI63: 6 | DJ63: 19 | DK63: 12 | DL63: 1 | DN63: 0 | DO63: 6 | EJ63: 0.7 | EK63: 0 | EL63: 0.7 | ES63: 0.2 | ET63: 0 | EU63: 0 | EX63: 0.2 | FK63: 600 | FL63: 0 | FM63: 100 | FP63: 500 | FS63: =SUM(FL63+FM63+FN63+FO63+FP63)-FK63 -> 0 | HL63: 1 | HM63: 0 | HN63: 0 | HQ63: 1 | IF63: =BX63+CG63+GB63+GK63+GT63 -> 0.2 | IG63: =BY63+CH63+GC63+GL63+GU63 -> 0 | IH63: =BZ63+CI63+GD63+GM63+GV63 -> 0 | II63: =CA63+CJ63+GE63+GN63+GW63 -> 0 | IJ63: =CB63+CK63+GF63+GO63+GX63 -> 0 | IK63: =CC63+CL63+GG63+GP63+GY63 -> 0.2 | IL63: =CD63+CM63+GH63+GQ63+GZ63 -> 0 | IM63: =CE63+CN63+GI63+GR63+HA63 -> 0 | IN63: =CQ63+EA63+EJ63+ES63 -> 8.6 | IO63: =CR63+EB63+EK63+ET63 -> 0 | IP63: =CS63+EC63+EL63+EU63 -> 5.7 | IQ63: =CT63+ED63+EM63+EV63 -> 0.3 | IR63: =CU63+EE63+EN63+EW63 -> 0 | IS63: =CV63+EF63+EO63+EX63 -> 2.6 | IT63: =CW63+EG63+EP63+EY63 -> 0 | IU63: =CX63+EH63+EQ63+EZ63 -> 0 | IV63: 2.5 | IW63: 1
A64: 59 | B64: Raúl Espinosa | C64: El Doncello | D64: San José | E64: 86.7 | G64: 0 | I64: 0 | P64: 0 | V64: 60 | W64: 0 | Y64: 60 | AD64: 0 | AH64: 60 | AK64: 1930 | AL64: 965 | AM64: 0 | AO64: 965 | AP64: 0 | AS64: 965 | AV64: 965 | AZ64: 0 | BB64: 0 | BC64: 0 | BI64: 0 | BJ64: 0 | ES64: 0.9 | ET64: 0.9 | EU64: 0 | EV64: 0 | FS64: =SUM(FL64+FM64+FN64+FO64+FP64)-FK64 -> 0 | GT64: 1.4 | GU64: 1.4 | GV64: 0 | GW64: 0 | IF64: =BX64+CG64+GB64+GK64+GT64 -> 1.4 | IG64: =BY64+CH64+GC64+GL64+GU64 -> 1.4 | IH64: =BZ64+CI64+GD64+GM64+GV64 -> 0 | II64: =CA64+CJ64+GE64+GN64+GW64 -> 0 | IJ64: =CB64+CK64+GF64+GO64+GX64 -> 0 | IK64: =CC64+CL64+GG64+GP64+GY64 -> 0 | IL64: =CD64+CM64+GH64+GQ64+GZ64 -> 0 | IM64: =CE64+CN64+GI64+GR64+HA64 -> 0 | IN64: =CQ64+EA64+EJ64+ES64 -> 0.9 | IO64: =CR64+EB64+EK64+ET64 -> 0.9 | IP64: =CS64+EC64+EL64+EU64 -> 0 | IQ64: =CT64+ED64+EM64+EV64 -> 0 | IR64: =CU64+EE64+EN64+EW64 -> 0 | IS64: =CV64+EF64+EO64+EX64 -> 0 | IT64: =CW64+EG64+EP64+EY64 -> 0 | IU64: =CX64+EH64+EQ64+EZ64 -> 0 | IV64: 3.7 | IW64: 1
A65: 60 | B65: Milton Javier Sosa Hurtado | C65: El Doncello | D65: San José | E65: 23.1 | G65: 210 | I65: 210 | P65: 210 | V65: 0 | W65: 0 | Y65: 0 | AD65: 0 | AK65: 790 | AL65: 94 | AM65: 0 | AN65: 50 | AO65: 646 | AP65: 0 | AS65: 94 | AU65: 50 | AV65: 646 | AW65: 0 | AZ65: 0 | BB65: 0 | BC65: 0 | BI65: 0 | BJ65: 0 | BO65: 1 | BP65: 0 | BQ65: 0 | BT65: 1 | BX65: 0.5 | BY65: 0 | BZ65: 0 | CA65: 0 | CC65: 0.5 | CQ65: 3.9 | CS65: 0 | CT65: 1 | CU65: 1 | CV65: 1.9 | EJ65: 1.7 | EK65: 0 | EL65: 1 | EM65: 0 | EN65: 0.7 | FS65: =SUM(FL65+FM65+FN65+FO65+FP65)-FK65 -> 0 | IF65: =BX65+CG65+GB65+GK65+GT65 -> 0.5 | IG65: =BY65+CH65+GC65+GL65+GU65 -> 0 | IH65: =BZ65+CI65+GD65+GM65+GV65 -> 0 | II65: =CA65+CJ65+GE65+GN65+GW65 -> 0 | IJ65: =CB65+CK65+GF65+GO65+GX65 -> 0 | IK65: =CC65+CL65+GG65+GP65+GY65 -> 0.5 | IL65: =CD65+CM65+GH65+GQ65+GZ65 -> 0 | IM65: =CE65+CN65+GI65+GR65+HA65 -> 0 | IN65: =CQ65+EA65+EJ65+ES65 -> 5.6 | IO65: =CR65+EB65+EK65+ET65 -> 0 | IP65: =CS65+EC65+EL65+EU65 -> 1 | IQ65: =CT65+ED65+EM65+EV65 -> 1 | IR65: =CU65+EE65+EN65+EW65 -> 1.7 | IS65: =CV65+EF65+EO65+EX65 -> 1.9 | IT65: =CW65+EG65+EP65+EY65 -> 0 | IU65: =CX65+EH65+EQ65+EZ65 -> 0 | IV65: 3.4 | IW65: 1
A66: 61 | B66: Yury Jaramillo Cortes | C66: El Doncello | D66: San José | E66: 23.1 | G66: 0 | I66: 0 | P66: 0 | V66: 0 | W66: 0 | Y66: 0 | AD66: 0 | AK66: 0 | AL66: 0 | AM66: 0 | AP66: 0 | AS66: 0 | AZ66: 0 | BB66: 0 | BI66: 0 | BO66: 1 | BP66: 0 | BQ66: 0 | BR66: 1 | BX66: 0.5 | BY66: 0 | BZ66: 0 | CA66: 0 | CC66: 0.5 | CQ66: 3.9 | CS66: 0 | CT66: 1 | CU66: 1 | CV66: 1.9 | EJ66: 1.7 | EK66: 0 | EM66: 0 | EN66: 1 | EO66: 0.7 | FS66: =SUM(FL66+FM66+FN66+FO66+FP66)-FK66 -> 0 | IF66: =BX66+CG66+GB66+GK66+GT66 -> 0.5 | IG66: =BY66+CH66+GC66+GL66+GU66 -> 0 | IH66: =BZ66+CI66+GD66+GM66+GV66 -> 0 | II66: =CA66+CJ66+GE66+GN66+GW66 -> 0 | IJ66: =CB66+CK66+GF66+GO66+GX66 -> 0 | IK66: =CC66+CL66+GG66+GP66+GY66 -> 0.5 | IL66: =CD66+CM66+GH66+GQ66+GZ66 -> 0 | IM66: =CE66+CN66+GI66+GR66+HA66 -> 0 | IN66: =CQ66+EA66+EJ66+ES66 -> 5.6 | IO66: =CR66+EB66+EK66+ET66 -> 0 | IP66: =CS66+EC66+EL66+EU66 -> 0 | IQ66: =CT66+ED66+EM66+EV66 -> 1 | IR66: =CU66+EE66+EN66+EW66 -> 2 | IS66: =CV66+EF66+EO66+EX66 -> 2.6 | IT66: =CW66+EG66+EP66+EY66 -> 0 | IU66: =CX66+EH66+EQ66+EZ66 -> 0 | IV66: 3.4 | IW66: 1
A67: 62 | B67: Marley Yureidy Ayas Gutiérrez | C67: El Doncello | D67: San José | E67: 23.1 | G67: 0 | I67: 0 | P67: 0 | V67: 0 | W67: 0 | Y67: 0 | AD67: 0 | AK67: 392 | AL67: 0 | AM67: 0 | AO67: 392 | AP67: 0 | AS67: 0 | AW67: 392 | AZ67: 0 | BB67: 0 | BI67: 0 | CQ67: 3.9 | CS67: 0 | CT67: 1 | CU67: 1 | CV67: 1.9 | EJ67: 1.7 | EK67: 0 | EL67: 0 | EM67: 0 | EN67: 1 | EO67: 0.7 | FS67: =SUM(FL67+FM67+FN67+FO67+FP67)-FK67 -> 0 | IF67: =BX67+CG67+GB67+GK67+GT67 -> 0 | IG67: =BY67+CH67+GC67+GL67+GU67 -> 0 | IH67: =BZ67+CI67+GD67+GM67+GV67 -> 0 | II67: =CA67+CJ67+GE67+GN67+GW67 -> 0 | IJ67: =CB67+CK67+GF67+GO67+GX67 -> 0 | IK67: =CC67+CL67+GG67+GP67+GY67 -> 0 | IL67: =CD67+CM67+GH67+GQ67+GZ67 -> 0 | IM67: =CE67+CN67+GI67+GR67+HA67 -> 0 | IN67: =CQ67+EA67+EJ67+ES67 -> 5.6 | IO67: =CR67+EB67+EK67+ET67 -> 0 | IP67: =CS67+EC67+EL67+EU67 -> 0 | IQ67: =CT67+ED67+EM67+EV67 -> 1 | IR67: =CU67+EE67+EN67+EW67 -> 2 | IS67: =CV67+EF67+EO67+EX67 -> 2.6 | IT67: =CW67+EG67+EP67+EY67 -> 0 | IU67: =CX67+EH67+EQ67+EZ67 -> 0 | IV67: 3.4 | IW67: 1
A68: 111 | B68: Rufino Chindicue | C68: El Doncello | D68: La Ceiba | E68: 84.1 | G68: 200 | I68: 200 | P68: 200 | V68: 0 | W68: 0 | Y68: 0 | AD68: 0 | AK68: 800 | AL68: 800 | AM68: 0 | AN68: 0 | AP68: 0 | AS68: 800 | AU68: 0 | AZ68: 30 | BB68: 30 | BI68: 30 | EJ68: 4 | EK68: 4 | EL68: 0 | EM68: 0 | FS68: =SUM(FL68+FM68+FN68+FO68+FP68)-FK68 -> 0 | IF68: =BX68+CG68+GB68+GK68+GT68 -> 0 | IG68: =BY68+CH68+GC68+GL68+GU68 -> 0 | IH68: =BZ68+CI68+GD68+GM68+GV68 -> 0 | II68: =CA68+CJ68+GE68+GN68+GW68 -> 0 | IJ68: =CB68+CK68+GF68+GO68+GX68 -> 0 | IK68: =CC68+CL68+GG68+GP68+GY68 -> 0 | IL68: =CD68+CM68+GH68+GQ68+GZ68 -> 0 | IM68: =CE68+CN68+GI68+GR68+HA68 -> 0 | IN68: =CQ68+EA68+EJ68+ES68 -> 4 | IO68: =CR68+EB68+EK68+ET68 -> 4 | IP68: =CS68+EC68+EL68+EU68 -> 0 | IQ68: =CT68+ED68+EM68+EV68 -> 0 | IR68: =CU68+EE68+EN68+EW68 -> 0 | IS68: =CV68+EF68+EO68+EX68 -> 0 | IT68: =CW68+EG68+EP68+EY68 -> 0 | IU68: =CX68+EH68+EQ68+EZ68 -> 0 | IV68: 10 | IW68: 1
A69: 63 | B69: Gelber Andrés Villaquira | C69: Florencia | D69: Alto Reflejo | E69: 29.9 | G69: 400 | I69: 400 | J69: 0 | P69: 400 | Q69: 0 | V69: 0 | W69: 0 | X69: 0 | Y69: 0 | AD69: 0 | AE69: 0 | AF69: 0 | AK69: 150 | AL69: 0 | AM69: 50 | AN69: 10 | AO69: 35 | AP69: 55 | AS69: 0 | AT69: 0 | AU69: 50 | AW69: 100 | AZ69: 20 | BA69: 0 | BB69: 20 | BC69: 0 | BD69: 0 | BE69: 0 | BI69: 20 | BJ69: 0 | BK69: 0 | BL69: 0 | BR69: 0 | CA69: 0 | CQ69: 4.8 | CR69: 3 | CS69: 0 | CT69: 0.8 | CU69: 1 | CV69: 0 | DC69: 0 | DE69: 0 | DI69: 1 | DJ69: 5 | DK69: 2 | DL69: 0 | DM69: 2 | DN69: 1 | DO69: 0 | DU69: 0 | ED69: 0 | EJ69: 1 | EK69: 0 | EL69: 0.5 | EM69: 0.5 | EN69: 0 | EO69: 0 | ES69: 0 | ET69: 0 | EU69: 0 | EV69: 0 | EW69: 0 | EX69: 0 | FE69: 0 | FG69: 0 | FK69: 400 | FL69: 0 | FM69: 0 | FN69: 0 | FP69: 400 | FS69: =SUM(FL69+FM69+FN69+FO69+FP69)-FK69 -> 0 | FV69: 0 | GE69: 0 | GN69: 0 | GW69: 0 | HL69: 1 | HM69: 0 | HN69: 0 | HO69: 0 | HP69: 0 | HQ69: 1 | HR69: 0 | HS69: 0 | HX69: 0 | ID69: 1 | IF69: =BX69+CG69+GB69+GK69+GT69 -> 0 | IG69: =BY69+CH69+GC69+GL69+GU69 -> 0 | IH69: =BZ69+CI69+GD69+GM69+GV69 -> 0 | II69: =CA69+CJ69+GE69+GN69+GW69 -> 0 | IJ69: =CB69+CK69+GF69+GO69+GX69 -> 0 | IK69: =CC69+CL69+GG69+GP69+GY69 -> 0 | IL69: =CD69+CM69+GH69+GQ69+GZ69 -> 0 | IM69: =CE69+CN69+GI69+GR69+HA69 -> 0 | IN69: =CQ69+EA69+EJ69+ES69 -> 5.8 | IO69: =CR69+EB69+EK69+ET69 -> 3 | IP69: =CS69+EC69+EL69+EU69 -> 0.5 | IQ69: =CT69+ED69+EM69+EV69 -> 1.3 | IR69: =CU69+EE69+EN69+EW69 -> 1 | IS69: =CV69+EF69+EO69+EX69 -> 0 | IT69: =CW69+EG69+EP69+EY69 -> 0 | IU69: =CX69+EH69+EQ69+EZ69 -> 0 | IV69: 8.2 | IW69: 1
A70: 64 | B70: Aquilino García Yucuma | C70: Florencia | D70: Alto Reflejo | E70: 43.5 | G70: 400 | H70: 0 | I70: 400 | J70: 0 | P70: 400 | Q70: 0 | V70: 0 | W70: 0 | X70: 0 | Y70: 0 | AD70: 0 | AE70: 0 | AF70: 0 | AK70: 310 | AL70: 0 | AM70: 40 | AN70: 0 | AO70: 180 | AP70: 90 | AS70: 0 | AT70: 0 | AU70: 40 | AW70: 270 | AZ70: 10 | BB70: 10 | BC70: 0 | BD70: 0 | BE70: 0 | BI70: 10 | BJ70: 0 | BK70: 0 | BL70: 0 | CG70: 0.06 | CH70: 0 | CI70: 0 | CJ70: 0.0216 | CL70: =CG70-CJ70 -> 0.0384 | CQ70: 11 | CR70: 0 | CS70: 0 | CT70: 0 | CU70: 11 | CV70: 0 | DC70: 0 | DI70: 1 | DJ70: 2 | DK70: 1 | DL70: 0 | DM70: 0 | DN70: 1 | DO70: 0 | DU70: 0 | EJ70: 1 | EK70: 0 | EL70: 0.67 | EM70: 0 | EN70: 0 | EO70: 0.33 | EW70: 0 | EX70: 0 | FS70: =SUM(FL70+FM70+FN70+FO70+FP70)-FK70 -> 0 | FV70: 1 | FX70: 0 | HL70: 1 | HM70: 0 | HN70: 0.5 | HO70: 0.5 | HP70: 0 | HQ70: 0 | HR70: 0 | HS70: 0 | IF70: =BX70+CG70+GB70+GK70+GT70 -> 0.06 | IG70: =BY70+CH70+GC70+GL70+GU70 -> 0 | IH70: =BZ70+CI70+GD70+GM70+GV70 -> 0 | II70: =CA70+CJ70+GE70+GN70+GW70 -> 0.0216 | IJ70: =CB70+CK70+GF70+GO70+GX70 -> 0 | IK70: =CC70+CL70+GG70+GP70+GY70 -> 0.0384 | IL70: =CD70+CM70+GH70+GQ70+GZ70 -> 0 | IM70: =CE70+CN70+GI70+GR70+HA70 -> 0 | IN70: =CQ70+EA70+EJ70+ES70 -> 12 | IO70: =CR70+EB70+EK70+ET70 -> 0 | IP70: =CS70+EC70+EL70+EU70 -> 0.67 | IQ70: =CT70+ED70+EM70+EV70 -> 0 | IR70: =CU70+EE70+EN70+EW70 -> 11 | IS70: =CV70+EF70+EO70+EX70 -> 0.33 | IT70: =CW70+EG70+EP70+EY70 -> 0 | IU70: =CX70+EH70+EQ70+EZ70 -> 0 | IV70: 2 | IW70: 1
A71: 65 | B71: Eduviges Hoyos Canacue | C71: Florencia | D71: Santana | E71: 54.3 | G71: 400 | I71: 400 | J71: 0 | P71: 400 | Q71: 0 | V71: 0 | W71: 0 | X71: 0 | Y71: 0 | AD71: 0 | AE71: 0 | AF71: 0 | AK71: 73 | AL71: 0 | AM71: 18 | AN71: 0 | AO71: 35 | AP71: 20 | AS71: 0 | AT71: 0 | AU71: 18 | AW71: 55 | AZ71: 80 | BB71: 80 | BC71: 0 | BD71: 0 | BE71: 0 | BI71: 80 | BJ71: 0 | BK71: 0 | BL71: 0 | CG71: 0.4 | CI71: 0 | CJ71: 0 | CL71: 0.4 | CQ71: 11 | CS71: 0 | CT71: 0 | CU71: 0 | CV71: 11 | DI71: 11 | DJ71: 19 | DL71: 0 | DM71: 0 | DN71: 0 | DO71: 19 | EJ71: 1 | EK71: 0 | EL71: 0.8 | EM71: 0.0167 | EN71: 0 | EO71: 0.1833 | EW71: 0 | FF71: 1 | FG71: 0 | FP71: 0 | FS71: =SUM(FL71+FM71+FN71+FO71+FP71)-FK71 -> 0 | FX71: 0 | GG71: 0 | GP71: 0 | HL71: 1 | HM71: 0 | HN71: 0 | HO71: 1 | HP71: 0 | HQ71: 0 | HR71: 0 | HS71: 0 | IF71: =BX71+CG71+GB71+GK71+GT71 -> 0.4 | IG71: =BY71+CH71+GC71+GL71+GU71 -> 0 | IH71: =BZ71+CI71+GD71+GM71+GV71 -> 0 | II71: =CA71+CJ71+GE71+GN71+GW71 -> 0 | IJ71: =CB71+CK71+GF71+GO71+GX71 -> 0 | IK71: =CC71+CL71+GG71+GP71+GY71 -> 0.4 | IL71: =CD71+CM71+GH71+GQ71+GZ71 -> 0 | IM71: =CE71+CN71+GI71+GR71+HA71 -> 0 | IN71: =CQ71+EA71+EJ71+ES71 -> 12 | IO71: =CR71+EB71+EK71+ET71 -> 0 | IP71: =CS71+EC71+EL71+EU71 -> 0.8 | IQ71: =CT71+ED71+EM71+EV71 -> 0.0167 | IR71: =CU71+EE71+EN71+EW71 -> 0 | IS71: =CV71+EF71+EO71+EX71 -> 11.1833 | IT71: =CW71+EG71+EP71+EY71 -> 0 | IU71: =CX71+EH71+EQ71+EZ71 -> 0 | IV71: 14.7 | IW71: 1
A72: 66 | B72: Wilson Ramírez | C72: Florencia | D72: Alto Reflejo | E72: 29.9 | G72: 200 | I72: 200 | J72: 0 | P72: 200 | V72: 0 | W72: 0 | X72: 0 | Y72: 0 | AD72: 0 | AE72: 0 | AF72: 0 | AK72: 396 | AL72: 0 | AM72: 42 | AN72: 90 | AO72: 139 | AP72: 125 | AS72: 0 | AT72: 0 | AU72: 20 | AW72: 376 | AZ72: 50 | BB72: 50 | BC72: 0 | BD72: 0 | BE72: 0 | BI72: 50 | BJ72: 0 | BK72: 0 | BL72: 0 | BO72: 1 | BP72: 0 | BQ72: 0 | BR72: 0 | BT72: 1 | BX72: 0.1 | BY72: 0 | BZ72: 0 | CA72: 0 | CC72: 0.1 | CJ72: 0 | CL72: 0 | CQ72: 8 | CR72: 0 | CS72: 0 | CT72: 3.97 | CU72: 0 | CV72: 4.03 | DE72: 0 | DI72: 2 | DJ72: 12 | DK72: 2 | DL72: 0 | DM72: 2 | DN72: 0 | DO72: 8 | EJ72: 0.5 | EL72: 0.5 | EN72: 0 | EO72: 0 | ES72: 0.7 | ET72: 0 | EU72: 0 | EV72: 0.046 | EX72: 0.654 | FK72: 600 | FL72: 0 | FM72: 0 | FN72: 0 | FP72: 600 | FS72: =SUM(FL72+FM72+FN72+FO72+FP72)-FK72 -> 0 | GB72: 0.5 | GC72: 0 | GD72: 0 | GE72: 0 | GG72: 0.5 | GP72: 0 | HL72: 0 | HM72: 0 | HN72: 0 | HO72: 0 | HP72: 0 | HQ72: 0 | HR72: 0 | HS72: 0 | IF72: =BX72+CG72+GB72+GK72+GT72 -> 0.6 | IG72: =BY72+CH72+GC72+GL72+GU72 -> 0 | IH72: =BZ72+CI72+GD72+GM72+GV72 -> 0 | II72: =CA72+CJ72+GE72+GN72+GW72 -> 0 | IJ72: =CB72+CK72+GF72+GO72+GX72 -> 0 | IK72: =CC72+CL72+GG72+GP72+GY72 -> 0.6 | IL72: =CD72+CM72+GH72+GQ72+GZ72 -> 0 | IM72: =CE72+CN72+GI72+GR72+HA72 -> 0 | IN72: =CQ72+EA72+EJ72+ES72 -> 9.2 | IO72: =CR72+EB72+EK72+ET72 -> 0 | IP72: =CS72+EC72+EL72+EU72 -> 0.5 | IQ72: =CT72+ED72+EM72+EV72 -> 4.016 | IR72: =CU72+EE72+EN72+EW72 -> 0 | IS72: =CV72+EF72+EO72+EX72 -> 4.684 | IT72: =CW72+EG72+EP72+EY72 -> 0 | IU72: =CX72+EH72+EQ72+EZ72 -> 0 | IV72: 7.6 | IW72: 1
A73: 67 | B73: José Rosendo Bermeo | C73: Florencia | D73: El Chontaduro | E73: 19.7 | G73: 700 | I73: 700 | J73: 0 | P73: 700 | Q73: 0 | V73: 0 | W73: 0 | X73: 0 | Y73: 0 | AD73: 0 | AE73: 0 | AF73: 0 | AK73: 338 | AL73: 0 | AM73: 117 | AN73: 0 | AO73: 105 | AP73: 116 | AS73: 0 | AT73: 0 | AU73: 117 | AW73: 221 | AZ73: 40 | BB73: 40 | BC73: 0 | BD73: 0 | BE73: 0 | BI73: 40 | BJ73: 0 | BK73: 0 | BL73: 0 | BO73: 1 | BP73: 0 | BQ73: 0 | BR73: 1 | BT73: 0 | BY73: 0 | BZ73: 0 | CC73: 0 | CL73: 0 | CQ73: 4.6 | CR73: 6 | CS73: 0 | CT73: 4.6 | CU73: 0 | CV73: 0 | DI73: 10 | DJ73: 17 | DK73: 14 | DL73: 0 | DM73: 3 | DN73: 0 | DO73: 0 | EJ73: 1 | EK73: 0 | EL73: 0.76 | EM73: 5.32 | EN73: 0 | EO73: 0 | ES73: 0.04 | ET73: 0 | EU73: 0 | EV73: 0 | EW73: 0.02 | EX73: 0.02 | FK73: 400 | FL73: 0 | FM73: 0 | FN73: 0 | FP73: 400 | FS73: =SUM(FL73+FM73+FN73+FO73+FP73)-FK73 -> 0 | HL73: 1 | HM73: 0 | HN73: 0.5 | HO73: 0 | HP73: 0.5 | HQ73: 0 | HR73: 0 | HS73: 0 | HU73: 1 | HV73: 0 | HW73: 0 | HX73: 1 | IF73: =BX73+CG73+GB73+GK73+GT73 -> 0 | IG73: =BY73+CH73+GC73+GL73+GU73 -> 0 | IH73: =BZ73+CI73+GD73+GM73+GV73 -> 0 | II73: =CA73+CJ73+GE73+GN73+GW73 -> 0 | IJ73: =CB73+CK73+GF73+GO73+GX73 -> 0 | IK73: =CC73+CL73+GG73+GP73+GY73 -> 0 | IL73: =CD73+CM73+GH73+GQ73+GZ73 -> 0 | IM73: =CE73+CN73+GI73+GR73+HA73 -> 0 | IN73: =CQ73+EA73+EJ73+ES73 -> 5.64 | IO73: =CR73+EB73+EK73+ET73 -> 6 | IP73: =CS73+EC73+EL73+EU73 -> 0.76 | IQ73: =CT73+ED73+EM73+EV73 -> 9.92 | IR73: =CU73+EE73+EN73+EW73 -> 0.02 | IS73: =CV73+EF73+EO73+EX73 -> 0.02 | IT73: =CW73+EG73+EP73+EY73 -> 0 | IU73: =CX73+EH73+EQ73+EZ73 -> 0 | IV73: 3.1 | IW73: 1
A74: 68 | B74: William Valencia | C74: Florencia | D74: El Chontaduro | E74: 20.7 | G74: 300 | I74: 300 | J74: 0 | P74: 300 | Q74: 0 | V74: 0 | W74: 0 | X74: 0 | Y74: 0 | AD74: 0 | AE74: 0 | AF74: 0 | AK74: 1510 | AL74: 0 | AM74: 160 | AN74: 440 | AO74: 0 | AP74: 910 | AS74: 0 | AT74: 0 | AU74: 30 | AW74: 1480 | AZ74: 0 | BB74: 0 | BC74: 0 | BE74: 0 | BI74: 0 | BJ74: 0 | BK74: 0 | BL74: 0 | CQ74: 6.6 | CR74: 0 | CS74: 0 | CT74: 5.47 | CU74: 1.13 | CV74: 0 | DI74: 2 | DJ74: 5 | DK74: 2 | DL74: 0 | DM74: 3 | DN74: 0 | DO74: 0 | EA74: 3.5 | EB74: 1 | EC74: 0 | ED74: 0 | EF74: 2.5 | EJ74: 1.7 | EK74: 0 | EL74: 0.34 | EM74: 0.03 | EN74: 0 | EO74: 1.33 | FK74: 200 | FL74: 0 | FM74: 0 | FN74: 200 | FP74: 0 | FS74: =SUM(FL74+FM74+FN74+FO74+FP74)-FK74 -> 0 | FT74: 12 | FU74: 0 | FV74: 25 | FW74: 3 | FX74: 0 | HR74: 0 | HS74: 0 | IF74: =BX74+CG74+GB74+GK74+GT74 -> 0 | IG74: =BY74+CH74+GC74+GL74+GU74 -> 0 | IH74: =BZ74+CI74+GD74+GM74+GV74 -> 0 | II74: =CA74+CJ74+GE74+GN74+GW74 -> 0 | IJ74: =CB74+CK74+GF74+GO74+GX74 -> 0 | IK74: =CC74+CL74+GG74+GP74+GY74 -> 0 | IL74: =CD74+CM74+GH74+GQ74+GZ74 -> 0 | IM74: =CE74+CN74+GI74+GR74+HA74 -> 0 | IN74: =CQ74+EA74+EJ74+ES74 -> 11.8 | IO74: =CR74+EB74+EK74+ET74 -> 1 | IP74: =CS74+EC74+EL74+EU74 -> 0.34 | IQ74: =CT74+ED74+EM74+EV74 -> 5.5 | IR74: =CU74+EE74+EN74+EW74 -> 1.13 | IS74: =CV74+EF74+EO74+EX74 -> 3.83 | IT74: =CW74+EG74+EP74+EY74 -> 0 | IU74: =CX74+EH74+EQ74+EZ74 -> 0 | IV74: 3.2 | IW74: 1
A75: 69 | B75: Jorge Humberto Ule | C75: Florencia | D75: El Chontaduro | E75: 21.7 | G75: 700 | I75: 700 | J75: 0 | P75: 700 | Q75: 0 | V75: 0 | W75: 0 | X75: 0 | Y75: 0 | AD75: 0 | AE75: 0 | AF75: 0 | AK75: 255 | AL75: 0 | AM75: 40 | AN75: 65 | AO75: 0 | AP75: 150 | AS75: 0 | AT75: 0 | AU75: 17 | AW75: 238 | AZ75: 40 | BB75: 40 | BC75: 0 | BD75: 0 | BI75: 40 | BJ75: 0 | BK75: 0 | BR75: 0 | CA75: 0 | CJ75: 0 | CQ75: 5 | CR75: 0 | CS75: 0 | CT75: 0 | CU75: 0 | CV75: 5 | DI75: 3 | DJ75: 6 | DK75: 3 | DL75: 0 | DM75: 0 | DN75: 0 | DO75: 3 | EJ75: 1 | EK75: 0 | EL75: 0.4 | EM75: 0.2 | EN75: 0 | EO75: 0.4 | ES75: =(150*10)/10000 -> 0.15 | ET75: 0 | EU75: 0 | EV75: 0.045 | EW75: 0 | EX75: 0.105 | FS75: =SUM(FL75+FM75+FN75+FO75+FP75)-FK75 -> 0 | HR75: 0 | HS75: 0 | IF75: =BX75+CG75+GB75+GK75+GT75 -> 0 | IG75: =BY75+CH75+GC75+GL75+GU75 -> 0 | IH75: =BZ75+CI75+GD75+GM75+GV75 -> 0 | II75: =CA75+CJ75+GE75+GN75+GW75 -> 0 | IJ75: =CB75+CK75+GF75+GO75+GX75 -> 0 | IK75: =CC75+CL75+GG75+GP75+GY75 -> 0 | IL75: =CD75+CM75+GH75+GQ75+GZ75 -> 0 | IM75: =CE75+CN75+GI75+GR75+HA75 -> 0 | IN75: =CQ75+EA75+EJ75+ES75 -> 6.15 | IO75: =CR75+EB75+EK75+ET75 -> 0 | IP75: =CS75+EC75+EL75+EU75 -> 0.4 | IQ75: =CT75+ED75+EM75+EV75 -> 0.245 | IR75: =CU75+EE75+EN75+EW75 -> 0 | IS75: =CV75+EF75+EO75+EX75 -> 5.505 | IT75: =CW75+EG75+EP75+EY75 -> 0 | IU75: =CX75+EH75+EQ75+EZ75 -> 0 | IV75: 1.7 | IW75: 1
A76: 70 | B76: Emilson Sánchez | C76: Florencia | D76: El Chontaduro | E76: 17 | G76: 200 | I76: 200 | J76: 0 | P76: 200 | Q76: 0 | V76: 0 | W76: 0 | X76: 0 | Y76: 0 | AD76: 0 | AE76: 0 | AF76: 0 | AK76: 120 | AL76: 0 | AM76: 5 | AN76: 55 | AO76: 60 | AP76: 0 | AS76: 0 | AT76: 0 | AU76: 5 | AW76: 115 | AZ76: 60 | BB76: 60 | BC76: 0 | BD76: 0 | BE76: 0 | BI76: 60 | BJ76: 0 | BK76: 0 | BL76: 0 | CQ76: 7.8 | CR76: 6 | CS76: 0 | CT76: 0 | CU76: 0 | CV76: 1.8 | DI76: 1 | DJ76: 20 | DK76: 14 | DL76: 0 | DM76: 4 | DN76: 0 | DO76: 2 | EJ76: 0.6 | EK76: 0 | EL76: 0.41 | EN76: 0 | EO76: 0.19 | ES76: 0.2 | ET76: 0 | EU76: 0 | EV76: 0.075 | EW76: 0 | EX76: 0.125 | FE76: 0 | FK76: 1000 | FL76: 800 | FM76: 0 | FN76: 200 | FP76: 0 | FS76: =SUM(FL76+FM76+FN76+FO76+FP76)-FK76 -> 0 | FT76: 1 | FU76: 0 | FV76: 0 | FX76: 0 | HL76: 1 | HM76: 0 | HN76: 0 | HO76: 0 | HP76: 1 | HQ76: 0 | HR76: 0 | HS76: 0 | IF76: =BX76+CG76+GB76+GK76+GT76 -> 0 | IG76: =BY76+CH76+GC76+GL76+GU76 -> 0 | IH76: =BZ76+CI76+GD76+GM76+GV76 -> 0 | II76: =CA76+CJ76+GE76+GN76+GW76 -> 0 | IJ76: =CB76+CK76+GF76+GO76+GX76 -> 0 | IK76: =CC76+CL76+GG76+GP76+GY76 -> 0 | IL76: =CD76+CM76+GH76+GQ76+GZ76 -> 0 | IM76: =CE76+CN76+GI76+GR76+HA76 -> 0 | IN76: =CQ76+EA76+EJ76+ES76 -> 8.6 | IO76: =CR76+EB76+EK76+ET76 -> 6 | IP76: =CS76+EC76+EL76+EU76 -> 0.41 | IQ76: =CT76+ED76+EM76+EV76 -> 0.075 | IR76: =CU76+EE76+EN76+EW76 -> 0 | IS76: =CV76+EF76+EO76+EX76 -> 2.115 | IT76: =CW76+EG76+EP76+EY76 -> 0 | IU76: =CX76+EH76+EQ76+EZ76 -> 0 | IV76: 1.8 | IW76: 1
A77: 71 | B77: Yhon Eider Ramón Marín | C77: Florencia | D77: El Chontaduro | E77: 28.8 | G77: 300 | I77: 300 | J77: 0 | P77: 300 | Q77: 0 | V77: 0 | W77: 0 | X77: 0 | Y77: 0 | AD77: 0 | AE77: 0 | AF77: 0 | AK77: 285 | AL77: 0 | AM77: 60 | AN77: 25 | AO77: 112 | AP77: 88 | AS77: 0 | AT77: 0 | AU77: 25 | AW77: 260 | AZ77: 80 | BB77: 80 | BC77: 0 | BD77: 0 | BE77: 0 | BI77: 80 | BJ77: 0 | BK77: 0 | BL77: 0 | CQ77: 11.9 | CR77: 0 | CS77: 0 | CT77: 0 | CU77: 6 | CV77: 5.9 | DI77: 6 | DJ77: 15 | DK77: 6 | DL77: 0 | DM77: 0 | DN77: 9 | DO77: 0 | EJ77: 0.8 | EK77: 0 | EL77: 0.62 | EM77: 0.21 | EN77: 0 | EO77: 0 | FK77: 1200 | FL77: 0 | FM77: 0 | FN77: 600 | FP77: 600 | FS77: =SUM(FL77+FM77+FN77+FO77+FP77)-FK77 -> 0 | FX77: 1 | HR77: 0 | HS77: 0 | IF77: =BX77+CG77+GB77+GK77+GT77 -> 0 | IG77: =BY77+CH77+GC77+GL77+GU77 -> 0 | IH77: =BZ77+CI77+GD77+GM77+GV77 -> 0 | II77: =CA77+CJ77+GE77+GN77+GW77 -> 0 | IJ77: =CB77+CK77+GF77+GO77+GX77 -> 0 | IK77: =CC77+CL77+GG77+GP77+GY77 -> 0 | IL77: =CD77+CM77+GH77+GQ77+GZ77 -> 0 | IM77: =CE77+CN77+GI77+GR77+HA77 -> 0 | IN77: =CQ77+EA77+EJ77+ES77 -> 12.7 | IO77: =CR77+EB77+EK77+ET77 -> 0 | IP77: =CS77+EC77+EL77+EU77 -> 0.62 | IQ77: =CT77+ED77+EM77+EV77 -> 0.21 | IR77: =CU77+EE77+EN77+EW77 -> 6 | IS77: =CV77+EF77+EO77+EX77 -> 5.9 | IT77: =CW77+EG77+EP77+EY77 -> 0 | IU77: =CX77+EH77+EQ77+EZ77 -> 0 | IV77: 10.2 | IW77: 1
A78: 72 | B78: Salomón Ramón Rodríguez | C78: Florencia | D78: El Chontaduro | E78: 62.7 | G78: 400 | I78: 400 | J78: 0 | P78: 400 | Q78: 0 | V78: 0 | W78: 0 | X78: 0 | Y78: 0 | AD78: 0 | AE78: 0 | AF78: 0 | AK78: 398 | AL78: 0 | AM78: 91 | AN78: 53 | AO78: 179 | AP78: 75 | AS78: 0 | AT78: 0 | AU78: 91 | AV78: 179 | AW78: 128 | AZ78: 150 | BB78: 150 | BC78: 0 | BD78: 0 | BE78: 0 | BI78: 150 | BJ78: 0 | BK78: 0 | BL78: 0 | BO78: 1 | BP78: 0.5 | BQ78: 0 | BR78: 0 | BS78: 0.25 | BT78: 0.25 | BX78: 0.02 | BY78: 0.015 | BZ78: 0 | CA78: 0 | CB78: 0 | CC78: 0 | CQ78: 18.2 | CR78: 0 | CS78: 0 | CT78: 7.28 | CU78: 2 | CV78: 8.92 | DI78: 3 | DJ78: 7 | DK78: 4 | DL78: 0 | DM78: 0 | DN78: 1 | DO78: 2 | EJ78: 1.8 | EK78: 0 | EL78: 1.17 | EM78: 0.24 | EN78: 0.28 | EO78: 0.11 | FB78: 1 | FC78: 1 | FD78: 0 | FE78: 0 | FG78: 0 | FK78: 700 | FL78: 100 | FM78: 0 | FN78: 0 | FO78: 300 | FP78: 300 | FS78: =SUM(FL78+FM78+FN78+FO78+FP78)-FK78 -> 0 | FV78: 4 | FW78: 1 | FX78: 0 | HL78: 1 | HM78: 0 | HN78: 0 | HO78: 0 | HP78: 1 | HQ78: 0 | HR78: 0 | HS78: 0 | IF78: =BX78+CG78+GB78+GK78+GT78 -> 0.02 | IG78: =BY78+CH78+GC78+GL78+GU78 -> 0.015 | IH78: =BZ78+CI78+GD78+GM78+GV78 -> 0 | II78: =CA78+CJ78+GE78+GN78+GW78 -> 0 | IJ78: =CB78+CK78+GF78+GO78+GX78 -> 0 | IK78: =CC78+CL78+GG78+GP78+GY78 -> 0 | IL78: =CD78+CM78+GH78+GQ78+GZ78 -> 0 | IM78: =CE78+CN78+GI78+GR78+HA78 -> 0 | IN78: =CQ78+EA78+EJ78+ES78 -> 20 | IO78: =CR78+EB78+EK78+ET78 -> 0 | IP78: =CS78+EC78+EL78+EU78 -> 1.17 | IQ78: =CT78+ED78+EM78+EV78 -> 7.52 | IR78: =CU78+EE78+EN78+EW78 -> 2.28 | IS78: =CV78+EF78+EO78+EX78 -> 9.03 | IT78: =CW78+EG78+EP78+EY78 -> 0 | IU78: =CX78+EH78+EQ78+EZ78 -> 0 | IV78: 6.6 | IW78: 1
A79: 73 | B79: Marvi Yuledi Galvin Manquillo | C79: Florencia | D79: El Chontaduro | E79: 44.4 | G79: 1400 | I79: 1400 | J79: 0 | P79: 1400 | Q79: 0 | V79: 0 | W79: 0 | X79: 0 | Y79: 0 | AD79: 0 | AE79: 0 | AF79: 0 | AK79: 317 | AL79: 0 | AM79: 54 | AN79: 82 | AO79: 112 | AP79: 69 | AS79: 0 | AT79: 0 | AU79: 15 | AW79: 302 | AZ79: 50 | BB79: 50 | BC79: 0 | BD79: 0 | BE79: 0 | BI79: 50 | BJ79: 0 | BK79: 0 | BL79: 0 | CQ79: 6 | CR79: 7 | CS79: 0 | CT79: 0 | CU79: 0 | CV79: 0 | DI79: 3 | DJ79: 7 | DK79: 7 | DL79: 0 | DM79: 5 | DN79: 0 | DO79: 0 | EJ79: 1 | EK79: 0 | EL79: 0.86 | EM79: 1.69 | EN79: 0 | EO79: 0 | ES79: =(750*10)/10000 -> 0.75 | ET79: 0 | EU79: 0 | EV79: 0 | EW79: 0 | EX79: 0.75 | FK79: 1100 | FL79: 0 | FM79: 0 | FN79: 700 | FP79: 400 | FS79: =SUM(FL79+FM79+FN79+FO79+FP79)-FK79 -> 0 | HL79: 1 | HM79: 0 | HN79: 0 | HO79: 0.5 | HP79: 0 | HQ79: 0 | HR79: 0.5 | HS79: 0 | IF79: =BX79+CG79+GB79+GK79+GT79 -> 0 | IG79: =BY79+CH79+GC79+GL79+GU79 -> 0 | IH79: =BZ79+CI79+GD79+GM79+GV79 -> 0 | II79: =CA79+CJ79+GE79+GN79+GW79 -> 0 | IJ79: =CB79+CK79+GF79+GO79+GX79 -> 0 | IK79: =CC79+CL79+GG79+GP79+GY79 -> 0 | IL79: =CD79+CM79+GH79+GQ79+GZ79 -> 0 | IM79: =CE79+CN79+GI79+GR79+HA79 -> 0 | IN79: =CQ79+EA79+EJ79+ES79 -> 7.75 | IO79: =CR79+EB79+EK79+ET79 -> 7 | IP79: =CS79+EC79+EL79+EU79 -> 0.86 | IQ79: =CT79+ED79+EM79+EV79 -> 1.69 | IR79: =CU79+EE79+EN79+EW79 -> 0 | IS79: =CV79+EF79+EO79+EX79 -> 0.75 | IT79: =CW79+EG79+EP79+EY79 -> 0 | IU79: =CX79+EH79+EQ79+EZ79 -> 0 | IV79: 1.6 | IW79: 1
A80: 74 | B80: Luis Humberto Urrutia Mejía | C80: Florencia | D80: El Chontaduro | E80: 58.8 | G80: 0 | I80: 0 | J80: 0 | P80: 0 | Q80: 0 | V80: 0 | W80: 0 | X80: 0 | Y80: 0 | AD80: 0 | AE80: 0 | AF80: 0 | AK80: 210 | AL80: 0 | AM80: 30 | AN80: 120 | AO80: 0 | AP80: 60 | AS80: 0 | AT80: 0 | AU80: 55 | AW80: 155 | AZ80: 50 | BA80: 0 | BB80: 50 | BC80: 0 | BD80: 0 | BE80: 0 | BI80: 50 | BJ80: 0 | BK80: 0 | BL80: 0 | CQ80: 21 | CR80: 0 | CS80: 0 | CT80: 0 | CU80: 21 | CV80: 0 | DI80: 5 | DJ80: 10 | DK80: 5 | DL80: 0 | DM80: 0 | DN80: 5 | DO80: 0 | EJ80: 0.8 | EK80: 0 | EL80: 0 | EM80: 0.4 | EN80: 0 | EO80: 0.4 | ES80: =(1000*10)/10000 -> 1 | ET80: 0 | EU80: 0 | EV80: 0 | EW80: 0 | EX80: 1 | FS80: =SUM(FL80+FM80+FN80+FO80+FP80)-FK80 -> 0 | HL80: 1 | HM80: 0 | HN80: 0 | HO80: 0 | HP80: 0 | HQ80: 0 | HR80: 0 | HS80: 0 | IF80: =BX80+CG80+GB80+GK80+GT80 -> 0 | IG80: =BY80+CH80+GC80+GL80+GU80 -> 0 | IH80: =BZ80+CI80+GD80+GM80+GV80 -> 0 | II80: =CA80+CJ80+GE80+GN80+GW80 -> 0 | IJ80: =CB80+CK80+GF80+GO80+GX80 -> 0 | IK80: =CC80+CL80+GG80+GP80+GY80 -> 0 | IL80: =CD80+CM80+GH80+GQ80+GZ80 -> 0 | IM80: =CE80+CN80+GI80+GR80+HA80 -> 0 | IN80: =CQ80+EA80+EJ80+ES80 -> 22.8 | IO80: =CR80+EB80+EK80+ET80 -> 0 | IP80: =CS80+EC80+EL80+EU80 -> 0 | IQ80: =CT80+ED80+EM80+EV80 -> 0.4 | IR80: =CU80+EE80+EN80+EW80 -> 21 | IS80: =CV80+EF80+EO80+EX80 -> 1.4 | IT80: =CW80+EG80+EP80+EY80 -> 0 | IU80: =CX80+EH80+EQ80+EZ80 -> 0 | IV80: 3.1 | IW80: 1
A81: 75 | B81: Emilso Ramón Marín | C81: Florencia | D81: El Chontaduro | E81: 17.7 | G81: 300 | I81: 300 | J81: 0 | P81: 300 | Q81: 0 | V81: 0 | W81: 0 | X81: 0 | Y81: 0 | AD81: 0 | AE81: 0 | AF81: 0 | AK81: 201 | AL81: 0 | AM81: 28 | AN81: 7 | AO81: 26 | AP81: 140 | AS81: 0 | AT81: 0 | AU81: 20 | AW81: 181 | AZ81: 70 | BB81: 70 | BC81: 0 | BD81: 0 | BE81: 0 | BI81: 70 | BJ81: 0 | BK81: 0 | BL81: 0 | CQ81: 10.7 | CR81: 6 | CS81: 0 | CT81: 4.58 | CU81: 0.12 | CV81: 0 | DI81: 6 | DJ81: 20 | DK81: 7 | DL81: 0 | DM81: 5 | DN81: 2 | DO81: 6 | EJ81: 0.8 | EK81: 0 | EL81: 0.78 | EM81: 0 | EN81: 0 | EO81: 0.02 | FK81: 1100 | FL81: 0 | FM81: 0 | FN81: 500 | FO81: 300 | FP81: 300 | FS81: =SUM(FL81+FM81+FN81+FO81+FP81)-FK81 -> 0 | FT81: 4 | FU81: 0 | FV81: 0 | FX81: 0 | HL81: 1 | HM81: 0 | HN81: 0 | HO81: 0 | HP81: 0 | HQ81: 0 | HR81: 0 | HS81: 1 | ID81: 1 | IF81: =BX81+CG81+GB81+GK81+GT81 -> 0 | IG81: =BY81+CH81+GC81+GL81+GU81 -> 0 | IH81: =BZ81+CI81+GD81+GM81+GV81 -> 0 | II81: =CA81+CJ81+GE81+GN81+GW81 -> 0 | IJ81: =CB81+CK81+GF81+GO81+GX81 -> 0 | IK81: =CC81+CL81+GG81+GP81+GY81 -> 0 | IL81: =CD81+CM81+GH81+GQ81+GZ81 -> 0 | IM81: =CE81+CN81+GI81+GR81+HA81 -> 0 | IN81: =CQ81+EA81+EJ81+ES81 -> 11.5 | IO81: =CR81+EB81+EK81+ET81 -> 6 | IP81: =CS81+EC81+EL81+EU81 -> 0.78 | IQ81: =CT81+ED81+EM81+EV81 -> 4.58 | IR81: =CU81+EE81+EN81+EW81 -> 0.12 | IS81: =CV81+EF81+EO81+EX81 -> 0.02 | IT81: =CW81+EG81+EP81+EY81 -> 0 | IU81: =CX81+EH81+EQ81+EZ81 -> 0 | IV81: 4.1 | IW81: 1
A82: 76 | B82: Alfredo Valencia Salazar | C82: Florencia | D82: El Chontaduro | E82: 21.9 | G82: 200 | I82: 200 | J82: 0 | P82: 200 | Q82: 0 | V82: 0 | W82: 0 | X82: 0 | Y82: 0 | AD82: 0 | AE82: 0 | AF82: 0 | AK82: 444 | AL82: 0 | AM82: 246 | AN82: 0 | AO82: 106 | AP82: 92 | AS82: 0 | AT82: 0 | AU82: 0 | AW82: 444 | AZ82: 0 | BB82: 0 | BC82: 0 | BD82: 0 | BE82: 0 | BI82: 0 | BJ82: 0 | BK82: 0 | BL82: 0 | CQ82: 11.1 | CR82: 5 | CS82: 0 | CT82: 3.6 | CU82: 1 | CV82: 1.5 | DI82: 3 | DJ82: 9 | DK82: 5 | DL82: 0 | DM82: 2 | DN82: 1 | DO82: 1 | EJ82: 1 | EK82: 0 | EL82: 0.4 | EM82: 0 | EN82: 0 | EO82: 0.6 | FK82: 900 | FL82: 0 | FM82: 0 | FN82: 0 | FP82: 900 | FS82: =SUM(FL82+FM82+FN82+FO82+FP82)-FK82 -> 0 | HL82: 0 | HO82: 0 | HR82: 0 | HS82: 1 | IF82: =BX82+CG82+GB82+GK82+GT82 -> 0 | IG82: =BY82+CH82+GC82+GL82+GU82 -> 0 | IH82: =BZ82+CI82+GD82+GM82+GV82 -> 0 | II82: =CA82+CJ82+GE82+GN82+GW82 -> 0 | IJ82: =CB82+CK82+GF82+GO82+GX82 -> 0 | IK82: =CC82+CL82+GG82+GP82+GY82 -> 0 | IL82: =CD82+CM82+GH82+GQ82+GZ82 -> 0 | IM82: =CE82+CN82+GI82+GR82+HA82 -> 0 | IN82: =CQ82+EA82+EJ82+ES82 -> 12.1 | IO82: =CR82+EB82+EK82+ET82 -> 5 | IP82: =CS82+EC82+EL82+EU82 -> 0.4 | IQ82: =CT82+ED82+EM82+EV82 -> 3.6 | IR82: =CU82+EE82+EN82+EW82 -> 1 | IS82: =CV82+EF82+EO82+EX82 -> 2.1 | IT82: =CW82+EG82+EP82+EY82 -> 0 | IU82: =CX82+EH82+EQ82+EZ82 -> 0 | IV82: 2.3 | IW82: 1
A83: 77 | B83: Helmer Cubillos | C83: Florencia | D83: El Chontaduro | E83: 103.5 | G83: 200 | I83: 200 | J83: 0 | P83: 200 | Q83: 0 | V83: 0 | W83: 0 | X83: 0 | Y83: 0 | AD83: 0 | AE83: 0 | AF83: 0 | AK83: 783 | AL83: 0 | AM83: 233 | AN83: 2 | AO83: 214 | AP83: 334 | AS83: 0 | AT83: 0 | AU83: 135 | AW83: 648 | AZ83: 30 | BB83: 30 | BC83: 0 | BD83: 0 | BE83: 0 | BI83: 30 | BJ83: 0 | BK83: 0 | BL83: 0 | CG83: 0.6 | CJ83: 0 | CL83: 0.6 | CQ83: 9 | CR83: 0 | CS83: 0 | CT83: 0 | CU83: 0 | CV83: 9 | DI83: 2 | DJ83: 18 | DK83: 2 | DL83: 0 | DM83: 0 | DN83: 0 | DO83: 16 | EJ83: 1 | EK83: 0 | EL83: 0.5 | EM83: 0.25 | EN83: 0 | EO83: 0.25 | FK83: 900 | FL83: 0 | FM83: 0 | FN83: 0 | FP83: 900 | FS83: =SUM(FL83+FM83+FN83+FO83+FP83)-FK83 -> 0 | GB83: 1 | GC83: 0 | GD83: 0 | GE83: 0.33 | GG83: 0.67 | HL83: 1 | HM83: 0 | HN83: 0 | HO83: 0 | HP83: 0 | HQ83: 0 | HR83: 1 | HS83: 0 | ID83: 1 | IF83: =BX83+CG83+GB83+GK83+GT83 -> 1.6 | IG83: =BY83+CH83+GC83+GL83+GU83 -> 0 | IH83: =BZ83+CI83+GD83+GM83+GV83 -> 0 | II83: =CA83+CJ83+GE83+GN83+GW83 -> 0.33 | IJ83: =CB83+CK83+GF83+GO83+GX83 -> 0 | IK83: =CC83+CL83+GG83+GP83+GY83 -> 1.27 | IL83: =CD83+CM83+GH83+GQ83+GZ83 -> 0 | IM83: =CE83+CN83+GI83+GR83+HA83 -> 0 | IN83: =CQ83+EA83+EJ83+ES83 -> 10 | IO83: =CR83+EB83+EK83+ET83 -> 0 | IP83: =CS83+EC83+EL83+EU83 -> 0.5 | IQ83: =CT83+ED83+EM83+EV83 -> 0.25 | IR83: =CU83+EE83+EN83+EW83 -> 0 | IS83: =CV83+EF83+EO83+EX83 -> 9.25 | IT83: =CW83+EG83+EP83+EY83 -> 0 | IU83: =CX83+EH83+EQ83+EZ83 -> 0 | IV83: 7.3 | IW83: 1
A84: 78 | B84: Maricela Cruz Aguilar | C84: Florencia | D84: El Chontaduro | E84: 56 | G84: 800 | I84: 800 | J84: 0 | P84: 800 | Q84: 0 | V84: 0 | W84: 0 | X84: 0 | Y84: 0 | AD84: 0 | AE84: 0 | AF84: 0 | AK84: 129 | AL84: 0 | AM84: 45 | AN84: 6 | AO84: 29 | AP84: 49 | AS84: 0 | AT84: 0 | AU84: 51 | AW84: 78 | AZ84: 77 | BB84: 77 | BC84: 0 | BD84: 0 | BE84: 0 | BI84: 77 | BJ84: 0 | BK84: 0 | BL84: 0 | EJ84: 1.2 | EK84: 0 | EL84: 1.74 | EM84: 0 | EN84: 0 | EO84: 0 | FS84: =SUM(FL84+FM84+FN84+FO84+FP84)-FK84 -> 0 | HL84: 1 | HM84: 0 | HN84: 0.5 | HO84: 0 | HP84: 0 | HQ84: 0 | HR84: 0.5 | HS84: 0 | HU84: 1 | HV84: 0 | HW84: 0 | HX84: 1 | IF84: =BX84+CG84+GB84+GK84+GT84 -> 0 | IG84: =BY84+CH84+GC84+GL84+GU84 -> 0 | IH84: =BZ84+CI84+GD84+GM84+GV84 -> 0 | II84: =CA84+CJ84+GE84+GN84+GW84 -> 0 | IJ84: =CB84+CK84+GF84+GO84+GX84 -> 0 | IK84: =CC84+CL84+GG84+GP84+GY84 -> 0 | IL84: =CD84+CM84+GH84+GQ84+GZ84 -> 0 | IM84: =CE84+CN84+GI84+GR84+HA84 -> 0 | IN84: =CQ84+EA84+EJ84+ES84 -> 1.2 | IO84: =CR84+EB84+EK84+ET84 -> 0 | IP84: =CS84+EC84+EL84+EU84 -> 1.74 | IQ84: =CT84+ED84+EM84+EV84 -> 0 | IR84: =CU84+EE84+EN84+EW84 -> 0 | IS84: =CV84+EF84+EO84+EX84 -> 0 | IT84: =CW84+EG84+EP84+EY84 -> 0 | IU84: =CX84+EH84+EQ84+EZ84 -> 0 | IV84: 11.7 | IW84: 1
A85: 79 | B85: José Lizardo Parra Bocanegra | C85: Florencia | D85: El Chontaduro | E85: 78.6 | G85: 200 | I85: 200 | J85: 0 | P85: 200 | Q85: 0 | V85: 0 | W85: 0 | X85: 0 | Y85: 0 | AD85: 0 | AE85: 0 | AF85: 0 | AK85: 301 | AL85: 0 | AM85: 0 | AN85: 101 | AO85: 122 | AP85: 78 | AS85: 0 | AT85: 0 | AU85: 0 | AW85: 301 | AZ85: 0 | BB85: 0 | BC85: 0 | BD85: 0 | BE85: 0 | BI85: 0 | BJ85: 30 | BK85: 0 | BL85: 0 | CQ85: 2.1 | CR85: 0 | CS85: 0 | CT85: 0 | CU85: 0 | CV85: 2.1 | CZ85: 50 | DA85: 0 | DB85: 0 | DC85: 0 | DE85: 50 | EJ85: 1 | EK85: 0 | EL85: 0.3 | EM85: 0.23 | EN85: 0 | EO85: 0.47 | FS85: =SUM(FL85+FM85+FN85+FO85+FP85)-FK85 -> 0 | HL85: 0 | HM85: 0 | HN85: 0 | HO85: 0 | HP85: 0 | HQ85: 0 | HR85: 0 | HS85: 0 | IF85: =BX85+CG85+GB85+GK85+GT85 -> 0 | IG85: =BY85+CH85+GC85+GL85+GU85 -> 0 | IH85: =BZ85+CI85+GD85+GM85+GV85 -> 0 | II85: =CA85+CJ85+GE85+GN85+GW85 -> 0 | IJ85: =CB85+CK85+GF85+GO85+GX85 -> 0 | IK85: =CC85+CL85+GG85+GP85+GY85 -> 0 | IL85: =CD85+CM85+GH85+GQ85+GZ85 -> 0 | IM85: =CE85+CN85+GI85+GR85+HA85 -> 0 | IN85: =CQ85+EA85+EJ85+ES85 -> 3.1 | IO85: =CR85+EB85+EK85+ET85 -> 0 | IP85: =CS85+EC85+EL85+EU85 -> 0.3 | IQ85: =CT85+ED85+EM85+EV85 -> 0.23 | IR85: =CU85+EE85+EN85+EW85 -> 0 | IS85: =CV85+EF85+EO85+EX85 -> 2.57 | IT85: =CW85+EG85+EP85+EY85 -> 0 | IU85: =CX85+EH85+EQ85+EZ85 -> 0 | IV85: 1.9 | IW85: 1
A86: 80 | B86: María Elena Bocanegra de Cortez | C86: Florencia | D86: Las Hermosas | E86: 88 | G86: 400 | I86: 400 | J86: 0 | P86: 400 | Q86: 0 | V86: 0 | W86: 0 | X86: 0 | Y86: 0 | AD86: 0 | AE86: 0 | AF86: 0 | AK86: 510 | AL86: 0 | AM86: 160 | AN86: 60 | AO86: 0 | AP86: 290 | AS86: 0 | AT86: 0 | AU86: 27 | AW86: 483 | AZ86: 80 | BB86: 80 | BC86: 0 | BD86: 0 | BE86: 0 | BI86: 80 | BJ86: 0 | BK86: 0 | BL86: 0 | CG86: 1.7 | CH86: 0 | CI86: 0 | CJ86: 0.12 | CL86: 1.58 | CQ86: 4 | CR86: 3 | CS86: 0 | CT86: 0 | CU86: 0 | CV86: 1 | DI86: 1 | DJ86: 4 | DK86: 4 | DL86: 0 | DM86: 0 | DN86: 0 | DO86: 0 | EJ86: 1 | EK86: 0 | EL86: 0.77 | EM86: 0 | EN86: 0 | EO86: 0.23 | FK86: 400 | FL86: 0 | FM86: 0 | FN86: 400 | FP86: 0 | FS86: =SUM(FL86+FM86+FN86+FO86+FP86)-FK86 -> 0 | HL86: 1 | HM86: 0 | HN86: 0 | HO86: 0 | HP86: 0 | HQ86: 1 | HR86: 0 | HS86: 0 | IF86: =BX86+CG86+GB86+GK86+GT86 -> 1.7 | IG86: =BY86+CH86+GC86+GL86+GU86 -> 0 | IH86: =BZ86+CI86+GD86+GM86+GV86 -> 0 | II86: =CA86+CJ86+GE86+GN86+GW86 -> 0.12 | IJ86: =CB86+CK86+GF86+GO86+GX86 -> 0 | IK86: =CC86+CL86+GG86+GP86+GY86 -> 1.58 | IL86: =CD86+CM86+GH86+GQ86+GZ86 -> 0 | IM86: =CE86+CN86+GI86+GR86+HA86 -> 0 | IN86: =CQ86+EA86+EJ86+ES86 -> 5 | IO86: =CR86+EB86+EK86+ET86 -> 3 | IP86: =CS86+EC86+EL86+EU86 -> 0.77 | IQ86: =CT86+ED86+EM86+EV86 -> 0 | IR86: =CU86+EE86+EN86+EW86 -> 0 | IS86: =CV86+EF86+EO86+EX86 -> 1.23 | IT86: =CW86+EG86+EP86+EY86 -> 0 | IU86: =CX86+EH86+EQ86+EZ86 -> 0 | IV86: 9.6 | IW86: 1
A87: 81 | B87: Ruth Muñoz Ortiz | C87: Florencia | D87: Las Hermosas | E87: 72.2 | G87: 400 | I87: 400 | J87: 0 | P87: 400 | Q87: 0 | V87: 400 | W87: 0 | X87: 0 | Y87: 400 | AD87: 0 | AE87: 0 | AF87: 0 | AG87: 400 | AK87: 265 | AL87: 0 | AM87: 65 | AN87: 100 | AO87: 0 | AP87: 100 | AS87: 0 | AT87: 0 | AU87: 45 | AW87: 220 | AZ87: 0 | BB87: 0 | BC87: 0 | BD87: 0 | BE87: 0 | BI87: 0 | BJ87: 0 | BK87: 0 | BL87: 0 | CQ87: 6.8 | CR87: 5 | CS87: 0 | CT87: 5.95 | CU87: 0 | DI87: 3 | DJ87: 8 | DK87: 4 | DL87: 0 | DM87: 3 | DN87: 0 | DO87: 1 | EJ87: 1 | EK87: 0 | EL87: 0.43 | EM87: 0.2 | EN87: 0.27 | EO87: 0.1 | ES87: =(550*10)/10000 -> 0.55 | ET87: 0 | EU87: 0 | EV87: 0.11 | EW87: 0 | EX87: 0.44 | FK87: 200 | FL87: 0 | FM87: 0 | FN87: 0 | FP87: 200 | FS87: =SUM(FL87+FM87+FN87+FO87+FP87)-FK87 -> 0 | HL87: 1 | HM87: 0 | HN87: 0 | HO87: 0 | HP87: 0 | HQ87: 0 | HR87: 0 | HS87: 1 | ID87: 1 | IF87: =BX87+CG87+GB87+GK87+GT87 -> 0 | IG87: =BY87+CH87+GC87+GL87+GU87 -> 0 | IH87: =BZ87+CI87+GD87+GM87+GV87 -> 0 | II87: =CA87+CJ87+GE87+GN87+GW87 -> 0 | IJ87: =CB87+CK87+GF87+GO87+GX87 -> 0 | IK87: =CC87+CL87+GG87+GP87+GY87 -> 0 | IL87: =CD87+CM87+GH87+GQ87+GZ87 -> 0 | IM87: =CE87+CN87+GI87+GR87+HA87 -> 0 | IN87: =CQ87+EA87+EJ87+ES87 -> 8.35 | IO87: =CR87+EB87+EK87+ET87 -> 5 | IP87: =CS87+EC87+EL87+EU87 -> 0.43 | IQ87: =CT87+ED87+EM87+EV87 -> 6.26 | IR87: =CU87+EE87+EN87+EW87 -> 0.27 | IS87: =CV87+EF87+EO87+EX87 -> 0.54 | IT87: =CW87+EG87+EP87+EY87 -> 0 | IU87: =CX87+EH87+EQ87+EZ87 -> 0 | IV87: 7 | IW87: 1
A88: 82 | B88: Jairo Rivera Collazos | C88: Florencia | D88: Las Hermosas | E88: 62.8 | G88: 0 | I88: 0 | J88: 0 | P88: 0 | Q88: 0 | V88: 0 | W88: 0 | X88: 0 | Y88: 0 | AD88: 0 | AE88: 0 | AF88: 0 | AK88: 220 | AL88: 0 | AM88: 70 | AN88: 30 | AO88: 0 | AP88: 120 | AS88: 0 | AT88: 0 | AU88: 70 | AW88: 150 | AZ88: 0 | BB88: 0 | BC88: 0 | BD88: 0 | BE88: 0 | BI88: 0 | BJ88: 0 | BK88: 0 | BL88: 0 | CQ88: 10.3 | CR88: 17 | CS88: 0 | CT88: 0 | CU88: 0 | CV88: 0 | DI88: 2 | DJ88: 5 | DK88: 5 | DL88: 0 | DM88: 0 | DN88: 0 | DO88: 0 | FK88: 600 | FL88: 0 | FM88: 0 | FP88: 600 | FS88: =SUM(FL88+FM88+FN88+FO88+FP88)-FK88 -> 0 | HR88: 0 | HS88: 0 | IF88: =BX88+CG88+GB88+GK88+GT88 -> 0 | IG88: =BY88+CH88+GC88+GL88+GU88 -> 0 | IH88: =BZ88+CI88+GD88+GM88+GV88 -> 0 | II88: =CA88+CJ88+GE88+GN88+GW88 -> 0 | IJ88: =CB88+CK88+GF88+GO88+GX88 -> 0 | IK88: =CC88+CL88+GG88+GP88+GY88 -> 0 | IL88: =CD88+CM88+GH88+GQ88+GZ88 -> 0 | IM88: =CE88+CN88+GI88+GR88+HA88 -> 0 | IN88: =CQ88+EA88+EJ88+ES88 -> 10.3 | IO88: =CR88+EB88+EK88+ET88 -> 17 | IP88: =CS88+EC88+EL88+EU88 -> 0 | IQ88: =CT88+ED88+EM88+EV88 -> 0 | IR88: =CU88+EE88+EN88+EW88 -> 0 | IS88: =CV88+EF88+EO88+EX88 -> 0 | IT88: =CW88+EG88+EP88+EY88 -> 0 | IU88: =CX88+EH88+EQ88+EZ88 -> 0 | IV88: 6.5 | IW88: 1
A89: 83 | B89: Yehison Rivera Vázquez | C89: Florencia | D89: Las Hermosas | E89: 11.2 | G89: 200 | I89: 200 | J89: 0 | P89: 200 | Q89: 0 | V89: 0 | W89: 0 | X89: 0 | Y89: 0 | AD89: 0 | AE89: 0 | AF89: 0 | AK89: 667 | AL89: 0 | AM89: 202 | AN89: 95 | AO89: 0 | AP89: 370 | AS89: 0 | AT89: 0 | AU89: 102 | AW89: 565 | AZ89: 0 | BB89: 0 | BC89: 0 | BD89: 0 | BE89: 0 | BI89: 0 | BJ89: 0 | BK89: 0 | BL89: 0 | CQ89: 1.5 | CR89: 0 | CS89: 1.5 | CT89: 0 | CU89: 0 | CV89: 0 | DI89: 4 | DJ89: 8 | DK89: 4 | DL89: 2 | DM89: 1 | DN89: 0 | DO89: 1 | EJ89: 1 | EK89: 0 | EL89: 0.33 | EM89: 0 | EN89: 0 | EO89: 0.67 | ES89: 0.2 | ET89: 0 | EU89: 0 | EV89: 0.0764 | EW89: 0 | EX89: 0.124 | FK89: 500 | FL89: 0 | FM89: 300 | FN89: 100 | FP89: 100 | FS89: =SUM(FL89+FM89+FN89+FO89+FP89)-FK89 -> 0 | HL89: 1 | HM89: 0 | HN89: 0 | HO89: 0 | HP89: 0 | HQ89: 0 | HR89: 0 | HS89: 1 | IF89: =BX89+CG89+GB89+GK89+GT89 -> 0 | IG89: =BY89+CH89+GC89+GL89+GU89 -> 0 | IH89: =BZ89+CI89+GD89+GM89+GV89 -> 0 | II89: =CA89+CJ89+GE89+GN89+GW89 -> 0 | IJ89: =CB89+CK89+GF89+GO89+GX89 -> 0 | IK89: =CC89+CL89+GG89+GP89+GY89 -> 0 | IL89: =CD89+CM89+GH89+GQ89+GZ89 -> 0 | IM89: =CE89+CN89+GI89+GR89+HA89 -> 0 | IN89: =CQ89+EA89+EJ89+ES89 -> 2.7 | IO89: =CR89+EB89+EK89+ET89 -> 0 | IP89: =CS89+EC89+EL89+EU89 -> 1.83 | IQ89: =CT89+ED89+EM89+EV89 -> 0.0764 | IR89: =CU89+EE89+EN89+EW89 -> 0 | IS89: =CV89+EF89+EO89+EX89 -> 0.794 | IT89: =CW89+EG89+EP89+EY89 -> 0 | IU89: =CX89+EH89+EQ89+EZ89 -> 0 | IV89: 3.6 | IW89: 1
A90: 84 | B90: José Libardo Rivera Delgado | C90: Florencia | D90: Las Hermosas | E90: 66 | G90: 200 | I90: 200 | J90: 0 | P90: 200 | Q90: 0 | V90: 0 | W90: 0 | X90: 0 | Y90: 0 | AD90: 0 | AE90: 0 | AF90: 0 | AK90: 200 | AL90: 0 | AM90: 0 | AN90: 0 | AO90: 0 | AP90: 200 | AS90: 0 | AT90: 0 | AU90: 0 | AW90: 200 | AZ90: 0 | BB90: 0 | BC90: 0 | BD90: 0 | BE90: 0 | BI90: 0 | BJ90: 0 | BK90: 0 | BL90: 0 | EJ90: 1 | EK90: 0 | EL90: 0.5 | EM90: 0.25 | EN90: 0 | EO90: 0.25 | FS90: =SUM(FL90+FM90+FN90+FO90+FP90)-FK90 -> 0 | IF90: =BX90+CG90+GB90+GK90+GT90 -> 0 | IG90: =BY90+CH90+GC90+GL90+GU90 -> 0 | IH90: =BZ90+CI90+GD90+GM90+GV90 -> 0 | II90: =CA90+CJ90+GE90+GN90+GW90 -> 0 | IJ90: =CB90+CK90+GF90+GO90+GX90 -> 0 | IK90: =CC90+CL90+GG90+GP90+GY90 -> 0 | IL90: =CD90+CM90+GH90+GQ90+GZ90 -> 0 | IM90: =CE90+CN90+GI90+GR90+HA90 -> 0 | IN90: =CQ90+EA90+EJ90+ES90 -> 1 | IO90: =CR90+EB90+EK90+ET90 -> 0 | IP90: =CS90+EC90+EL90+EU90 -> 0.5 | IQ90: =CT90+ED90+EM90+EV90 -> 0.25 | IR90: =CU90+EE90+EN90+EW90 -> 0 | IS90: =CV90+EF90+EO90+EX90 -> 0.25 | IT90: =CW90+EG90+EP90+EY90 -> 0 | IU90: =CX90+EH90+EQ90+EZ90 -> 0 | IV90: 17.2 | IW90: 1
A91: 85 | B91: Roberto Cruz Aguilar | C91: Florencia | D91: Las Hermosas | E91: 62.7 | G91: 200 | I91: 200 | J91: 0 | P91: 200 | Q91: 0 | V91: 0 | W91: 0 | X91: 0 | Y91: 0 | AD91: 0 | AE91: 0 | AF91: 0 | AK91: 727 | AL91: 0 | AM91: 301 | AN91: 5 | AO91: 0 | AP91: 421 | AS91: 0 | AT91: 0 | AU91: 301 | AW91: 426 | AZ91: 100 | BB91: 100 | BC91: 0 | BD91: 0 | BE91: 0 | BI91: 100 | BJ91: 0 | BK91: 0 | BL91: 0 | CG91: =(350*10)/10000 -> 0.35 | CH91: 0 | CI91: 0 | CJ91: 0.27 | CL91: 0.08 | CQ91: 9.6 | CR91: 3 | CS91: 0 | CT91: 0 | CU91: 0 | CV91: 6.6 | DI91: 7 | DJ91: 18 | DK91: 9 | DL91: 0 | DM91: 0 | DN91: 0 | DO91: 9 | EJ91: 1 | EK91: 0 | EL91: 0.59 | EM91: 0.1 | EN91: 0 | EO91: 0.31 | FG91: 1 | FS91: =SUM(FL91+FM91+FN91+FO91+FP91)-FK91 -> 0 | GB91: 0.5 | GC91: 0 | GD91: 0 | GE91: 0.125 | GG91: 0.375 | GK91: 0.5 | GL91: 0 | GM91: 0 | GN91: 0 | GP91: 0.5 | HL91: 1 | HM91: 0 | HN91: 0 | HO91: 0 | HP91: 0 | HQ91: 0 | HR91: 1 | HS91: 0 | IF91: =BX91+CG91+GB91+GK91+GT91 -> 1.35 | IG91: =BY91+CH91+GC91+GL91+GU91 -> 0 | IH91: =BZ91+CI91+GD91+GM91+GV91 -> 0 | II91: =CA91+CJ91+GE91+GN91+GW91 -> 0.395 | IJ91: =CB91+CK91+GF91+GO91+GX91 -> 0 | IK91: =CC91+CL91+GG91+GP91+GY91 -> 0.955 | IL91: =CD91+CM91+GH91+GQ91+GZ91 -> 0 | IM91: =CE91+CN91+GI91+GR91+HA91 -> 0 | IN91: =CQ91+EA91+EJ91+ES91 -> 10.6 | IO91: =CR91+EB91+EK91+ET91 -> 3 | IP91: =CS91+EC91+EL91+EU91 -> 0.59 | IQ91: =CT91+ED91+EM91+EV91 -> 0.1 | IR91: =CU91+EE91+EN91+EW91 -> 0 | IS91: =CV91+EF91+EO91+EX91 -> 6.91 | IT91: =CW91+EG91+EP91+EY91 -> 0 | IU91: =CX91+EH91+EQ91+EZ91 -> 0 | IV91: 9.5 | IW91: 1
A92: 86 | B92: Yosman Stiven Rivera Vázquez | C92: Florencia | D92: Las Hermosas | E92: 11.5 | G92: 0 | I92: 0 | J92: 0 | P92: 0 | Q92: 0 | V92: 0 | W92: 0 | X92: 0 | Y92: 0 | AD92: 0 | AE92: 0 | AF92: 0 | AK92: 200 | AL92: 0 | AM92: 20 | AN92: 50 | AO92: 0 | AP92: 130 | AS92: 0 | AT92: 0 | AU92: 20 | AW92: 180 | AZ92: 0 | BB92: 0 | BC92: 0 | BD92: 0 | BE92: 0 | BI92: 0 | BJ92: 0 | BK92: 0 | BL92: 0 | CQ92: 4.5 | CR92: 0 | CS92: 0 | CT92: 0 | CU92: 0 | CV92: 4.5 | DI92: 1 | DJ92: 8 | DK92: 1 | DL92: 0 | DM92: 0 | DN92: 0 | DO92: 7 | EJ92: 0.5 | EK92: 0 | EL92: 0 | EM92: 0 | EN92: 0 | EO92: 0.5 | FS92: =SUM(FL92+FM92+FN92+FO92+FP92)-FK92 -> 0 | FV92: 1 | FX92: 0 | HL92: 1 | HM92: 0 | HN92: 0 | HO92: 0 | HP92: 0 | HQ92: 0 | HR92: 0 | HS92: 1 | IF92: =BX92+CG92+GB92+GK92+GT92 -> 0 | IG92: =BY92+CH92+GC92+GL92+GU92 -> 0 | IH92: =BZ92+CI92+GD92+GM92+GV92 -> 0 | II92: =CA92+CJ92+GE92+GN92+GW92 -> 0 | IJ92: =CB92+CK92+GF92+GO92+GX92 -> 0 | IK92: =CC92+CL92+GG92+GP92+GY92 -> 0 | IL92: =CD92+CM92+GH92+GQ92+GZ92 -> 0 | IM92: =CE92+CN92+GI92+GR92+HA92 -> 0 | IN92: =CQ92+EA92+EJ92+ES92 -> 5 | IO92: =CR92+EB92+EK92+ET92 -> 0 | IP92: =CS92+EC92+EL92+EU92 -> 0 | IQ92: =CT92+ED92+EM92+EV92 -> 0 | IR92: =CU92+EE92+EN92+EW92 -> 0 | IS92: =CV92+EF92+EO92+EX92 -> 5 | IT92: =CW92+EG92+EP92+EY92 -> 0 | IU92: =CX92+EH92+EQ92+EZ92 -> 0 | IV92: 4.3 | IW92: 1
A93: 87 | B93: Herminio Moreno Vaquiro | C93: Florencia | D93: Las Hermosas | E93: 62.2 | G93: 0 | I93: 0 | J93: 0 | P93: 0 | Q93: 0 | V93: 0 | W93: 0 | X93: 0 | Y93: 0 | AD93: 0 | AE93: 0 | AF93: 0 | AK93: 833 | AL93: 0 | AM93: 56 | AN93: 73 | AO93: 0 | AP93: 704 | AS93: 0 | AT93: 0 | AU93: 81 | AW93: 752 | AZ93: 20 | BB93: 20 | BC93: 0 | BD93: 0 | BE93: 0 | BI93: 20 | BJ93: 0 | BK93: 0 | BL93: 0 | CQ93: 7.6 | CR93: 0 | CS93: 0 | CT93: 7.6 | CU93: 0 | CV93: 0 | DI93: 1 | DJ93: 5 | DK93: 1 | DL93: 0 | DM93: 16 | DN93: 0 | DO93: 0 | EJ93: 1 | EK93: 0 | EL93: 0.2 | EM93: 0 | EN93: 0 | EO93: 0.8 | FK93: 1100 | FL93: 0 | FM93: 0 | FN93: 500 | FP93: 600 | FS93: =SUM(FL93+FM93+FN93+FO93+FP93)-FK93 -> 0 | GK93: 0.5 | GL93: 0 | GM93: 0 | GN93: 0.03 | GP93: 0.47 | GS93: Siembra de 35 plantas | HL93: 1 | HM93: 0 | HN93: 0.5 | HO93: 0 | HP93: 0.5 | HQ93: 0 | HR93: 0 | HS93: 0 | HU93: 1 | HV93: 0 | HW93: 0 | HX93: 1 | IF93: =BX93+CG93+GB93+GK93+GT93 -> 0.5 | IG93: =BY93+CH93+GC93+GL93+GU93 -> 0 | IH93: =BZ93+CI93+GD93+GM93+GV93 -> 0 | II93: =CA93+CJ93+GE93+GN93+GW93 -> 0.03 | IJ93: =CB93+CK93+GF93+GO93+GX93 -> 0 | IK93: =CC93+CL93+GG93+GP93+GY93 -> 0.47 | IL93: =CD93+CM93+GH93+GQ93+GZ93 -> 0 | IM93: =CE93+CN93+GI93+GR93+HA93 -> 0 | IN93: =CQ93+EA93+EJ93+ES93 -> 8.6 | IO93: =CR93+EB93+EK93+ET93 -> 0 | IP93: =CS93+EC93+EL93+EU93 -> 0.2 | IQ93: =CT93+ED93+EM93+EV93 -> 7.6 | IR93: =CU93+EE93+EN93+EW93 -> 0 | IS93: =CV93+EF93+EO93+EX93 -> 0.8 | IT93: =CW93+EG93+EP93+EY93 -> 0 | IU93: =CX93+EH93+EQ93+EZ93 -> 0 | IV93: 22.4 | IW93: 1
A94: 88 | B94: Cruz Ortigoza Mata | C94: Florencia | D94: Santana | E94: 34.2 | G94: 350 | I94: 350 | J94: 0 | P94: 350 | Q94: 0 | V94: 0 | W94: 0 | X94: 0 | Y94: 0 | AD94: 0 | AE94: 0 | AF94: 0 | AK94: 450 | AL94: 0 | AM94: 62 | AN94: 0 | AO94: 199 | AP94: 189 | AS94: 0 | AT94: 0 | AU94: 62 | AW94: 388 | AZ94: 60 | BB94: 60 | BC94: 0 | BD94: 0 | BE94: 0 | BI94: 60 | BJ94: 0 | BK94: 0 | BL94: 0 | EA94: 1 | EB94: 0 | EC94: 0 | EF94: 1 | EJ94: 0.8 | EK94: 0 | EL94: 0.5 | EM94: 0.18 | EN94: 0 | EO94: 0.12 | ES94: 0.1 | ET94: 0 | EU94: 0 | EV94: 0.05 | EW94: 0 | EX94: 0.05 | FS94: =SUM(FL94+FM94+FN94+FO94+FP94)-FK94 -> 0 | HL94: 1 | HM94: 0 | HN94: 0 | HO94: 0 | HP94: 0 | HQ94: 0 | HR94: 0 | HS94: 1 | IF94: =BX94+CG94+GB94+GK94+GT94 -> 0 | IG94: =BY94+CH94+GC94+GL94+GU94 -> 0 | IH94: =BZ94+CI94+GD94+GM94+GV94 -> 0 | II94: =CA94+CJ94+GE94+GN94+GW94 -> 0 | IJ94: =CB94+CK94+GF94+GO94+GX94 -> 0 | IK94: =CC94+CL94+GG94+GP94+GY94 -> 0 | IL94: =CD94+CM94+GH94+GQ94+GZ94 -> 0 | IM94: =CE94+CN94+GI94+GR94+HA94 -> 0 | IN94: =CQ94+EA94+EJ94+ES94 -> 1.9 | IO94: =CR94+EB94+EK94+ET94 -> 0 | IP94: =CS94+EC94+EL94+EU94 -> 0.5 | IQ94: =CT94+ED94+EM94+EV94 -> 0.23 | IR94: =CU94+EE94+EN94+EW94 -> 0 | IS94: =CV94+EF94+EO94+EX94 -> 1.17 | IT94: =CW94+EG94+EP94+EY94 -> 0 | IU94: =CX94+EH94+EQ94+EZ94 -> 0 | IV94: 2.7 | IW94: 1
A95: 89 | B95: Aldemar Manrique Arbelades | C95: Florencia | D95: Santana | E95: 17.5 | G95: 200 | I95: 200 | J95: 0 | P95: 200 | Q95: 0 | V95: 0 | W95: 0 | X95: 0 | Y95: 0 | AD95: 0 | AE95: 0 | AF95: 0 | AK95: 200 | AL95: 0 | AM95: 0 | AN95: 0 | AO95: 75 | AP95: 125 | AS95: 0 | AT95: 0 | AU95: 0 | AW95: 200 | AZ95: 50 | BB95: 50 | BC95: 0 | BD95: 0 | BE95: 0 | BI95: 50 | BJ95: 0 | BK95: 0 | BL95: 0 | EJ95: 1.7 | EK95: 0 | EL95: 0.5 | EM95: 0.27 | EN95: 0 | EO95: 0.93 | FS95: =SUM(FL95+FM95+FN95+FO95+FP95)-FK95 -> 0 | HL95: 1 | HM95: 0 | HN95: 0.5 | HO95: 0.5 | HP95: 0 | HQ95: 0 | HR95: 0 | HS95: 0 | ID95: 1 | IF95: =BX95+CG95+GB95+GK95+GT95 -> 0 | IG95: =BY95+CH95+GC95+GL95+GU95 -> 0 | IH95: =BZ95+CI95+GD95+GM95+GV95 -> 0 | II95: =CA95+CJ95+GE95+GN95+GW95 -> 0 | IJ95: =CB95+CK95+GF95+GO95+GX95 -> 0 | IK95: =CC95+CL95+GG95+GP95+GY95 -> 0 | IL95: =CD95+CM95+GH95+GQ95+GZ95 -> 0 | IM95: =CE95+CN95+GI95+GR95+HA95 -> 0 | IN95: =CQ95+EA95+EJ95+ES95 -> 1.7 | IO95: =CR95+EB95+EK95+ET95 -> 0 | IP95: =CS95+EC95+EL95+EU95 -> 0.5 | IQ95: =CT95+ED95+EM95+EV95 -> 0.27 | IR95: =CU95+EE95+EN95+EW95 -> 0 | IS95: =CV95+EF95+EO95+EX95 -> 0.93 | IT95: =CW95+EG95+EP95+EY95 -> 0 | IU95: =CX95+EH95+EQ95+EZ95 -> 0 | IV95: 4.3 | IW95: 1
A96: 57 | B96: Marino Anacona | C96: La Montañita | D96: El Cedro | E96: 26.4 | G96: 0 | I96: 0 | J96: 0 | P96: 0 | Q96: 0 | V96: 0 | W96: 0 | X96: 0 | Y96: 0 | AD96: 0 | AE96: 0 | AF96: 0 | AH96: 0 | AK96: 440 | AM96: 250 | AN96: 0 | AO96: 0 | AP96: 190 | AT96: 250 | AU96: 0 | AW96: 190 | AZ96: 30 | BB96: 30 | BC96: 0 | BI96: 30 | BJ96: 0 | BK96: 0 | BL96: 0 | CG96: 1.3 | CH96: 1.3 | CI96: 0 | CJ96: 0 | CK96: 0 | CL96: 0 | CQ96: 11.3 | CR96: 2 | CS96: 8 | CT96: 11.3 | CU96: 0 | CV96: 0 | CZ96: 1680 | DA96: 100 | DB96: 1500 | DC96: 180 | DD96: 0 | DE96: 0 | DI96: 28 | DJ96: 37 | DK96: 37 | DL96: 0 | DM96: 0 | DN96: 0 | DO96: 0 | FF96: 1 | FG96: 0 | FK96: 800 | FL96: 500 | FM96: 300 | FN96: 0 | FP96: 0 | FS96: =SUM(FL96+FM96+FN96+FO96+FP96)-FK96 -> 0 | FX96: 7 | FZ96: 1 | IF96: =BX96+CG96+GB96+GK96+GT96 -> 1.3 | IG96: =BY96+CH96+GC96+GL96+GU96 -> 1.3 | IH96: =BZ96+CI96+GD96+GM96+GV96 -> 0 | II96: =CA96+CJ96+GE96+GN96+GW96 -> 0 | IJ96: =CB96+CK96+GF96+GO96+GX96 -> 0 | IK96: =CC96+CL96+GG96+GP96+GY96 -> 0 | IL96: =CD96+CM96+GH96+GQ96+GZ96 -> 0 | IM96: =CE96+CN96+GI96+GR96+HA96 -> 0 | IN96: =CQ96+EA96+EJ96+ES96 -> 11.3 | IO96: =CR96+EB96+EK96+ET96 -> 2 | IP96: =CS96+EC96+EL96+EU96 -> 8 | IQ96: =CT96+ED96+EM96+EV96 -> 11.3 | IR96: =CU96+EE96+EN96+EW96 -> 0 | IS96: =CV96+EF96+EO96+EX96 -> 0 | IT96: =CW96+EG96+EP96+EY96 -> 0 | IU96: =CX96+EH96+EQ96+EZ96 -> 0 | IV96: 1.4 | IW96: 1
A97: 91 | B97: Heliberto Gómez Galvis | C97: La Montañita | D97: Agua Bonita 1 | E97: 21.7 | G97: 200 | I97: 200 | J97: 0 | P97: 200 | Q97: 0 | V97: 0 | W97: 0 | X97: 0 | Y97: 0 | AD97: 0 | AE97: 0 | AF97: 0 | AK97: 300 | AM97: 100 | AN97: 0 | AO97: 100 | AP97: 100 | AT97: 0 | AU97: 100 | AW97: 200 | AZ97: 0 | BB97: 0 | BC97: 0 | BI97: 0 | BJ97: 0 | BK97: 0 | BL97: 0 | EJ97: 1 | EM97: 0.5 | EN97: 0 | EO97: 0.5 | FS97: =SUM(FL97+FM97+FN97+FO97+FP97)-FK97 -> 0 | IF97: =BX97+CG97+GB97+GK97+GT97 -> 0 | IG97: =BY97+CH97+GC97+GL97+GU97 -> 0 | IH97: =BZ97+CI97+GD97+GM97+GV97 -> 0 | II97: =CA97+CJ97+GE97+GN97+GW97 -> 0 | IJ97: =CB97+CK97+GF97+GO97+GX97 -> 0 | IK97: =CC97+CL97+GG97+GP97+GY97 -> 0 | IL97: =CD97+CM97+GH97+GQ97+GZ97 -> 0 | IM97: =CE97+CN97+GI97+GR97+HA97 -> 0 | IN97: =CQ97+EA97+EJ97+ES97 -> 1 | IO97: =CR97+EB97+EK97+ET97 -> 0 | IP97: =CS97+EC97+EL97+EU97 -> 0 | IQ97: =CT97+ED97+EM97+EV97 -> 0.5 | IR97: =CU97+EE97+EN97+EW97 -> 0 | IS97: =CV97+EF97+EO97+EX97 -> 0.5 | IT97: =CW97+EG97+EP97+EY97 -> 0 | IU97: =CX97+EH97+EQ97+EZ97 -> 0 | IV97: 3.4 | IW97: 1
A98: 92 | B98: Dennis Andrea Quintero Tovar | C98: La Montañita | D98: Agua Bonita 1 | E98: 17 | G98: 20 | I98: 20 | J98: 0 | P98: 0 | Q98: 20 | V98: 0 | W98: 0 | X98: 0 | Y98: 0 | AD98: 0 | AE98: 0 | AF98: 0 | AH98: 0 | AK98: 335 | AM98: 158 | AN98: 0 | AO98: 0 | AP98: 177 | AT98: 0 | AU98: 158 | AW98: 177 | AZ98: 45 | BB98: 45 | BC98: 0 | BI98: 45 | BJ98: 0 | BK98: 0 | BL98: 0 | CG98: 0.2 | CH98: 0.2 | CJ98: 0 | CK98: 0 | CL98: 0 | CQ98: 3 | CR98: 0 | CS98: 0 | CT98: 2 | CU98: 0 | CV98: 1 | CZ98: 900 | DA98: 0 | DB98: 0 | DC98: 800 | DD98: 0 | DE98: 100 | DI98: 9 | DJ98: 17 | DK98: 17 | DL98: 0 | DM98: 0 | DN98: 0 | DO98: 0 | EJ98: 0.1 | EK98: 0 | EL98: 0.1 | EM98: 0 | EN98: 0 | EO98: 0 | FK98: 200 | FL98: 200 | FM98: 0 | FN98: 0 | FP98: 0 | FS98: =SUM(FL98+FM98+FN98+FO98+FP98)-FK98 -> 0 | FT98: 1 | FU98: 0 | FV98: 0 | FX98: 0 | IF98: =BX98+CG98+GB98+GK98+GT98 -> 0.2 | IG98: =BY98+CH98+GC98+GL98+GU98 -> 0.2 | IH98: =BZ98+CI98+GD98+GM98+GV98 -> 0 | II98: =CA98+CJ98+GE98+GN98+GW98 -> 0 | IJ98: =CB98+CK98+GF98+GO98+GX98 -> 0 | IK98: =CC98+CL98+GG98+GP98+GY98 -> 0 | IL98: =CD98+CM98+GH98+GQ98+GZ98 -> 0 | IM98: =CE98+CN98+GI98+GR98+HA98 -> 0 | IN98: =CQ98+EA98+EJ98+ES98 -> 3.1 | IO98: =CR98+EB98+EK98+ET98 -> 0 | IP98: =CS98+EC98+EL98+EU98 -> 0.1 | IQ98: =CT98+ED98+EM98+EV98 -> 2 | IR98: =CU98+EE98+EN98+EW98 -> 0 | IS98: =CV98+EF98+EO98+EX98 -> 1 | IT98: =CW98+EG98+EP98+EY98 -> 0 | IU98: =CX98+EH98+EQ98+EZ98 -> 0 | IV98: 5.2 | IW98: 1
A99: 93 | B99: Graciela Ortiz Perdomo | C99: La Montañita | D99: Agua Bonita 1 | E99: 13 | G99: 200 | I99: 200 | J99: 0 | P99: 200 | Q99: 0 | V99: 0 | W99: 0 | X99: 0 | Y99: 0 | AD99: 0 | AE99: 0 | AF99: 0 | AK99: 600 | AM99: 250 | AN99: 0 | AO99: 225 | AP99: 125 | AT99: 250 | AU99: 0 | AW99: 350 | AZ99: 0 | BB99: 0 | BC99: 0 | BI99: 0 | BJ99: 0 | BK99: 0 | BL99: 0 | CG99: 3.4 | CH99: 3.4 | CI99: 0 | CJ99: 0 | CK99: 0 | CL99: 0 | CQ99: 3.8 | CR99: 1 | CS99: 1.8 | CT99: 1.2 | CU99: 0 | CV99: 0 | CZ99: 1500 | DA99: 800 | DC99: 1300 | DD99: 0 | DE99: 0 | DI99: 2 | DJ99: 6 | DK99: 6 | DL99: 0 | DM99: 0 | DN99: 0 | DO99: 0 | EJ99: 1 | EK99: 0 | EL99: 0.5 | EM99: 0.3 | EN99: 0 | EO99: 0.2 | FK99: 400 | FL99: 400 | FM99: 0 | FN99: 0 | FP99: 0 | FS99: =SUM(FL99+FM99+FN99+FO99+FP99)-FK99 -> 0 | FT99: 1 | FV99: 0 | FX99: 0 | ID99: 1 | IF99: =BX99+CG99+GB99+GK99+GT99 -> 3.4 | IG99: =BY99+CH99+GC99+GL99+GU99 -> 3.4 | IH99: =BZ99+CI99+GD99+GM99+GV99 -> 0 | II99: =CA99+CJ99+GE99+GN99+GW99 -> 0 | IJ99: =CB99+CK99+GF99+GO99+GX99 -> 0 | IK99: =CC99+CL99+GG99+GP99+GY99 -> 0 | IL99: =CD99+CM99+GH99+GQ99+GZ99 -> 0 | IM99: =CE99+CN99+GI99+GR99+HA99 -> 0 | IN99: =CQ99+EA99+EJ99+ES99 -> 4.8 | IO99: =CR99+EB99+EK99+ET99 -> 1 | IP99: =CS99+EC99+EL99+EU99 -> 2.3 | IQ99: =CT99+ED99+EM99+EV99 -> 1.5 | IR99: =CU99+EE99+EN99+EW99 -> 0 | IS99: =CV99+EF99+EO99+EX99 -> 0.2 | IT99: =CW99+EG99+EP99+EY99 -> 0 | IU99: =CX99+EH99+EQ99+EZ99 -> 0 | IV99: 1.8 | IW99: 1
A100: 94 | B100: Romel Duván Ríos Serna | C100: La Montañita | D100: Agua Bonita 1 | E100: 49.2 | G100: 55 | I100: 55 | J100: 0 | P100: 55 | Q100: 0 | V100: 0 | W100: 0 | X100: 0 | Y100: 0 | AD100: 0 | AE100: 0 | AF100: 0 | AK100: 202 | AM100: 167 | AN100: 0 | AO100: 25 | AP100: 10 | AT100: 0 | AU100: 167 | AW100: 35 | AZ100: 29 | BB100: 29 | BC100: 0 | BI100: 29 | BJ100: 0 | BK100: 0 | BL100: 0 | BO100: 1 | BP100: 0 | BQ100: 1 | BR100: 0 | BX100: 0.5 | BY100: 0.5 | CA100: 0 | CB100: 0 | CC100: 0 | CQ100: 4.4 | CR100: 0 | CS100: 0 | CT100: 3 | CU100: 0 | CV100: 1.4 | CZ100: 250 | DA100: 0 | DB100: 0 | DC100: 200 | DD100: 0 | DE100: 50 | DI100: 5 | DJ100: 5 | DK100: 5 | DL100: 0 | DM100: 0 | DN100: 0 | DO100: 0 | EJ100: 0.7 | EK100: 0 | EM100: 0.5 | EN100: 0 | EO100: 0.2 | FS100: =SUM(FL100+FM100+FN100+FO100+FP100)-FK100 -> 0 | HL100: 1 | HM100: 0 | HN100: 0 | HO100: 0 | HQ100: 1 | IF100: =BX100+CG100+GB100+GK100+GT100 -> 0.5 | IG100: =BY100+CH100+GC100+GL100+GU100 -> 0.5 | IH100: =BZ100+CI100+GD100+GM100+GV100 -> 0 | II100: =CA100+CJ100+GE100+GN100+GW100 -> 0 | IJ100: =CB100+CK100+GF100+GO100+GX100 -> 0 | IK100: =CC100+CL100+GG100+GP100+GY100 -> 0 | IL100: =CD100+CM100+GH100+GQ100+GZ100 -> 0 | IM100: =CE100+CN100+GI100+GR100+HA100 -> 0 | IN100: =CQ100+EA100+EJ100+ES100 -> 5.1 | IO100: =CR100+EB100+EK100+ET100 -> 0 | IP100: =CS100+EC100+EL100+EU100 -> 0 | IQ100: =CT100+ED100+EM100+EV100 -> 3.5 | IR100: =CU100+EE100+EN100+EW100 -> 0 | IS100: =CV100+EF100+EO100+EX100 -> 1.6 | IT100: =CW100+EG100+EP100+EY100 -> 0 | IU100: =CX100+EH100+EQ100+EZ100 -> 0 | IV100: 7.8 | IW100: 1
A101: 95 | B101: Justo Rodríguez Solórzano | C101: La Montañita | D101: Agua Bonita 1 | E101: 29.5 | G101: 50 | I101: 50 | J101: 0 | P101: 50 | Q101: 0 | V101: 0 | W101: 0 | X101: 0 | Y101: 0 | AD101: 0 | AE101: 0 | AF101: 0 | AK101: 350 | AM101: 350 | AN101: 0 | AO101: 0 | AP101: 0 | AT101: 300 | AU101: 50 | AW101: 0 | AZ101: 410 | BB101: 410 | BC101: 0 | BI101: 410 | BJ101: 0 | BK101: 0 | BL101: 0 | CQ101: 5.7 | CR101: 0 | CS101: 3 | CT101: 2 | CU101: 0 | CV101: 0.7 | CZ101: 800 | DA101: 0 | DB101: 500 | DC101: 100 | DD101: 0 | DE101: 200 | DI101: 3 | DJ101: 20 | DK101: 13 | DL101: 2 | DM101: 3 | DN101: 2 | DO101: 0 | EJ101: 1 | EK101: 0 | EL101: 1.3 | EM101: 0 | EN101: 0 | EO101: 0 | FK101: 500 | FM101: 500 | FN101: 0 | FP101: 0 | FS101: =SUM(FL101+FM101+FN101+FO101+FP101)-FK101 -> 0 | FT101: 1 | FU101: 0 | FV101: 0 | FX101: 0 | IF101: =BX101+CG101+GB101+GK101+GT101 -> 0 | IG101: =BY101+CH101+GC101+GL101+GU101 -> 0 | IH101: =BZ101+CI101+GD101+GM101+GV101 -> 0 | II101: =CA101+CJ101+GE101+GN101+GW101 -> 0 | IJ101: =CB101+CK101+GF101+GO101+GX101 -> 0 | IK101: =CC101+CL101+GG101+GP101+GY101 -> 0 | IL101: =CD101+CM101+GH101+GQ101+GZ101 -> 0 | IM101: =CE101+CN101+GI101+GR101+HA101 -> 0 | IN101: =CQ101+EA101+EJ101+ES101 -> 6.7 | IO101: =CR101+EB101+EK101+ET101 -> 0 | IP101: =CS101+EC101+EL101+EU101 -> 4.3 | IQ101: =CT101+ED101+EM101+EV101 -> 2 | IR101: =CU101+EE101+EN101+EW101 -> 0 | IS101: =CV101+EF101+EO101+EX101 -> 0.7 | IT101: =CW101+EG101+EP101+EY101 -> 0 | IU101: =CX101+EH101+EQ101+EZ101 -> 0 | IV101: 9.7 | IW101: 1
A102: 96 | B102: María del Carmen Arismendi Díaz | C102: La Montañita | D102: Cedrito | E102: 21 | G102: 200 | I102: 200 | J102: 0 | P102: 200 | Q102: 0 | V102: 300 | W102: 0 | X102: 0 | Y102: 300 | AD102: 0 | AE102: 0 | AF102: 0 | AH102: 300 | AK102: 103 | AM102: 24 | AN102: 0 | AO102: 50 | AP102: 29 | AT102: 24 | AU102: 0 | AW102: 79 | AZ102: 30 | BB102: 30 | BC102: 0 | BI102: 30 | BJ102: 0 | BK102: 0 | BL102: 0 | CQ102: 1.4 | CR102: 0 | CS102: 0.6 | CT102: 0.8 | CU102: 0 | CV102: 0 | CZ102: 288 | DA102: 0 | DB102: 96 | DC102: 192 | DD102: 0 | DE102: 0 | DI102: 3 | DJ102: 3 | DK102: 3 | DL102: 0 | DM102: 0 | DN102: 0 | DO102: 0 | EJ102: 0.8 | EK102: 0 | EL102: 0.3 | EM102: 0.6 | EN102: 0 | EO102: 0 | FS102: =SUM(FL102+FM102+FN102+FO102+FP102)-FK102 -> 0 | IF102: =BX102+CG102+GB102+GK102+GT102 -> 0 | IG102: =BY102+CH102+GC102+GL102+GU102 -> 0 | IH102: =BZ102+CI102+GD102+GM102+GV102 -> 0 | II102: =CA102+CJ102+GE102+GN102+GW102 -> 0 | IJ102: =CB102+CK102+GF102+GO102+GX102 -> 0 | IK102: =CC102+CL102+GG102+GP102+GY102 -> 0 | IL102: =CD102+CM102+GH102+GQ102+GZ102 -> 0 | IM102: =CE102+CN102+GI102+GR102+HA102 -> 0 | IN102: =CQ102+EA102+EJ102+ES102 -> 2.2 | IO102: =CR102+EB102+EK102+ET102 -> 0 | IP102: =CS102+EC102+EL102+EU102 -> 0.9 | IQ102: =CT102+ED102+EM102+EV102 -> 1.4 | IR102: =CU102+EE102+EN102+EW102 -> 0 | IS102: =CV102+EF102+EO102+EX102 -> 0 | IT102: =CW102+EG102+EP102+EY102 -> 0 | IU102: =CX102+EH102+EQ102+EZ102 -> 0 | IV102: 4 | IW102: 1
A103: 97 | B103: Reinaldo Medina Bermeo | C103: La Montañita | D103: Cedrito | E103: 34.3 | G103: 50 | I103: 50 | J103: 0 | P103: 50 | Q103: 0 | V103: 0 | W103: 0 | X103: 0 | Y103: 0 | AD103: 0 | AE103: 0 | AF103: 0 | AK103: 130 | AM103: 75 | AN103: 0 | AO103: 0 | AP103: 55 | AT103: 0 | AU103: 75 | AW103: 55 | AZ103: 25 | BB103: 25 | BC103: 0 | BI103: 25 | BJ103: 0 | BK103: 0 | BL103: 0 | CH103: 0 | CQ103: 2.5 | CR103: 0 | CS103: 0 | CT103: 2 | CU103: 0 | CV103: 0.5 | CZ103: 500 | DA103: 0 | DB103: 0 | DC103: 400 | DD103: 0 | DE103: 100 | DI103: 1 | DJ103: 2 | DK103: 0 | DL103: 0 | DM103: 0 | DN103: 0 | DO103: 2 | EJ103: 0.5 | EK103: 0 | EL103: 0.2 | EM103: 0.1 | EN103: 0 | EO103: 0.2 | FK103: 200 | FL103: 0 | FM103: 0 | FN103: 100 | FP103: 100 | FS103: =SUM(FL103+FM103+FN103+FO103+FP103)-FK103 -> 0 | GT103: 0.04 | GU103: 0 | GV103: 0 | GW103: 0 | GY103: 0.04 | IF103: =BX103+CG103+GB103+GK103+GT103 -> 0.04 | IG103: =BY103+CH103+GC103+GL103+GU103 -> 0 | IH103: =BZ103+CI103+GD103+GM103+GV103 -> 0 | II103: =CA103+CJ103+GE103+GN103+GW103 -> 0 | IJ103: =CB103+CK103+GF103+GO103+GX103 -> 0 | IK103: =CC103+CL103+GG103+GP103+GY103 -> 0.04 | IL103: =CD103+CM103+GH103+GQ103+GZ103 -> 0 | IM103: =CE103+CN103+GI103+GR103+HA103 -> 0 | IN103: =CQ103+EA103+EJ103+ES103 -> 3 | IO103: =CR103+EB103+EK103+ET103 -> 0 | IP103: =CS103+EC103+EL103+EU103 -> 0.2 | IQ103: =CT103+ED103+EM103+EV103 -> 2.1 | IR103: =CU103+EE103+EN103+EW103 -> 0 | IS103: =CV103+EF103+EO103+EX103 -> 0.7 | IT103: =CW103+EG103+EP103+EY103 -> 0 | IU103: =CX103+EH103+EQ103+EZ103 -> 0 | IV103: 9.2 | IW103: 1
...

Sheet Consolidado
A1: Colinos (piña y plátano) | D1: Árboles de Cacao | G1: Forestales (viveros comunitarios) | J1: Frutales | N1: Área de nacimiento aislar (ha) | P1: Área de fuente hídrica a aislar | S1: Sistemas silvopastoriles | U1: Implementación de SAF | W1: Enriquecimiento de SAF | Z1: Cercas vivas (metros) | AB1: División de Potrero (# Potreros) | AE1: Acueducto Ganadero (Metros) | AG1: Adecuación de Biodigestor | AJ1: Corredor de Conectividad | AL1: Enriquecimiento Rastrojo | AN1: Enriquecimiento de Bosque | AP1: Restauración de área degradada | AS1: Colmenas | AU1: Huertas sin cubierta | AW1: Huerta bajo cubierta | AY1: Fortalecimiento Gallinas Criollas
A2: Meta | B2: Entregados | C2: Sembrados | D2: Meta | E2: Entregados | F2: Sembrados | G2: Meta | H2: Entregados | I2: Sembrados | J2: Meta | K2: Entregados | L2: Sembrados | N2: Meta | O2: Avance | P2: Meta | Q2: Avance | S2: Meta | T2: Avance | U2: Meta | V2: Avance | W2: Meta | X2: Avance | Z2: Meta | AA2: Avance | AB2: # Potreros Iniciales | AC2: Meta # Potreros | AD2: Avance | AE2: Meta | AF2: Avance | AG2: Meta | AH2: Avance | AJ2: Meta | AK2: Avance | AL2: Meta | AM2: Avance | AN2: Meta | AO2: Avance | AP2: Meta | AQ2: Avance | AS2: Meta | AT2: Avance | AU2: Meta | AV2: Avance | AW2: Meta | AX2: Avance | AY2: Meta | AZ2: Avance
A3: =T4_2025!G129 -> 58645 | B3: =T4_2025!H129+T4_2025!I129+T4_2025!J129+T4_2025!K129+T4_2025!L129+T4_2025!M129+T4_2025!N129 -> 48645 | C3: =T4_2025!O129+T4_2025!P129+T4_2025!Q129+T4_2025!R129+T4_2025!S129+T4_2025!T129+T4_2025!U129 -> 48645 | D3: =T4_2025!V129 -> 11810 | E3: =T4_2025!W129+T4_2025!X129+T4_2025!Y129+T4_2025!Z129+T4_2025!AA129+T4_2025!AB129+T4_2025!AC129 -> 11418 | F3: =T4_2025!AD129+T4_2025!AE129+T4_2025!AF129+T4_2025!AG129+T4_2025!AH129+T4_2025!AI129+T4_2025!AJ129 -> 11418 | G3: =T4_2025!AK129 -> 144833 | H3: =T4_2025!AL129+T4_2025!AM129+T4_2025!AN129+T4_2025!AO129+T4_2025!AP129+T4_2025!AQ129+T4_2025!AR129 -> 137795 | I3: =T4_2025!AS129+T4_2025!AT129+T4_2025!AU129+T4_2025!AV129+T4_2025!AW129+T4_2025!AX129+T4_2025!AY129 -> 137795 | J3: =T4_2025!AZ129 -> 8889 | K3: =T4_2025!BA129+T4_2025!BB129+T4_2025!BC129+T4_2025!BD129+T4_2025!BE129+T4_2025!BF129+T4_2025!BG129 -> 8054 | L3: =T4_2025!BH129+T4_2025!BI129+T4_2025!BJ129+T4_2025!BK129+T4_2025!BL129+T4_2025!BM129+T4_2025!BN129 -> 8099 | N3: =T4_2025!BX129 -> 4.08 | O3: =T4_2025!BY129+T4_2025!BZ129+T4_2025!CA129+T4_2025!CB129+T4_2025!CC129+T4_2025!CD129+T4_2025!CE129 -> 4.075 | P3: =T4_2025!CG129 -> 56.55 | Q3: =T4_2025!CH129+T4_2025!CI129+T4_2025!CJ129+T4_2025!CK129+T4_2025!CL129+T4_2025!CM129+T4_2025!CN129 -> 65.1 | S3: =T4_2025!CQ129 -> 509.9 | T3: =T4_2025!CR129+T4_2025!CS129+T4_2025!CT129+T4_2025!CU129+T4_2025!CV129+T4_2025!CW129+T4_2025!CX129 -> 541.45 | U3: =T4_2025!EJ129 -> 146.86 | V3: =T4_2025!EK129+T4_2025!EL129+T4_2025!EM129+T4_2025!EN129+T4_2025!EO129+T4_2025!EP129+T4_2025!EQ129 -> 158.31 | W3: =T4_2025!EA129 -> 4.5 | X3: =T4_2025!EB129+T4_2025!EC129+T4_2025!ED129+T4_2025!EE129+T4_2025!EF129+T4_2025!EG129+T4_2025!EH129 -> 4.5 | Z3: =T4_2025!CZ129 -> 28688 | AA3: =T4_2025!DA129+T4_2025!DB129+T4_2025!DC129+T4_2025!DD129+T4_2025!DE129+T4_2025!DF129+T4_2025!DG129 -> 29388 | AB3: =T4_2025!DI129 -> 224 | AC3: =T4_2025!DJ129 -> 643 | AD3: =T4_2025!DK129+T4_2025!DL129+T4_2025!DM129+T4_2025!DN129+T4_2025!DO129+T4_2025!DP129+T4_2025!DQ129 -> 672 | AE3: =T4_2025!FK129 -> 22200 | AF3: =T4_2025!FL129+T4_2025!FM129+T4_2025!FN129+T4_2025!FO129+T4_2025!FP129+T4_2025!FQ129+T4_2025!FR129 -> 22400 | AG3: =T4_2025!FB129 -> 3 | AH3: =T4_2025!FC129+T4_2025!FD129+T4_2025!FE129+T4_2025!FF129+T4_2025!FG129+T4_2025!FH129+T4_2025!FI129 -> 8 | AJ3: =T4_2025!ES129 -> 5.49 | AK3: =T4_2025!ET129+T4_2025!EU129+T4_2025!EV129+T4_2025!EW129+T4_2025!EX129+T4_2025!EY129+T4_2025!EZ129 -> 5.4904 | AL3: =T4_2025!GB129 -> 3.8 | AM3: =T4_2025!GC129+T4_2025!GD129+T4_2025!GE129+T4_2025!GF129+T4_2025!GG129+T4_2025!GH129+T4_2025!GI129 -> 3.8 | AN3: =T4_2025!GK129 -> 1 | AO3: =T4_2025!GL129+T4_2025!GM129+T4_2025!GN129+T4_2025!GO129+T4_2025!GP129+T4_2025!GQ129+T4_2025!GR129 -> 1 | AP3: =T4_2025!HC129 -> 3 | AQ3: =T4_2025!GU129+T4_2025!GV129+T4_2025!GW129+T4_2025!GX129+T4_2025!GY129+T4_2025!GZ129+T4_2025!HA129 -> 3.21 | AS3: 0 | AT3: =T4_2025!FT129+T4_2025!FU129+T4_2025!FV129+T4_2025!FW129+T4_2025!FX129+T4_2025!FY129+T4_2025!FZ129 -> 95 | AU3: =[2]T3_2024!DO129 -> 3 | AV3: =T4_2025!HD129+T4_2025!HE129+T4_2025!HF129+T4_2025!HG129+T4_2025!HH129+T4_2025!HI129+T4_2025!HJ129 -> 4 | AW3: =T4_2025!HL129 -> 29 | AX3: =T4_2025!HM129+T4_2025!HN129+T4_2025!HO129+T4_2025!HP129+T4_2025!HQ129+T4_2025!HR129+T4_2025!HS129 -> 29 | AY3: =[2]T3_2024!DX129 -> 7 | AZ3: =T4_2025!HV129+T4_2025!HX129+T4_2025!HY129+T4_2025!HZ129+T4_2025!IA129+T4_2025!IB129 -> 7
