Workbook

Sheet General
A1: PROYECTO: ConBosque | B1: FFEM
A2: CUADRO: | B2: CONSTRUCCIÓN PLAN DE INVERSIONES
A3: VEREDA / : La Bamba, El Rosal y Soncelejo | E3: VEREDA LOS ÁNGELES
A4: Descripcion Producto | B4: Cantidad | C4: Precio Unit | D4: Precio Total | E4: Rubiel Perez
A5: Aceite Cadenoil x Galón | B5: =SUM(E5:E5) -> 0 | C5: 70000 | D5: =B5*C5 -> 0
A6: Aislador puntilla Bolsa *100 Marca Lhaura | B6: =SUM(E6:E6) -> 5 | C6: 25300 | D6: =B6*C6 -> 126500 | E6: =Rubiel_Perez!H15 -> 5
A7: Aislador Pera bolsa*25 Marca Lhaura | B7: =SUM(E7:E7) -> 4 | C7: 35600 | D7: =B7*C7 -> 142400 | E7: =Rubiel_Perez!H12 -> 4
A8: Alambre aislador rollo*50 | B8: =SUM(E8:E8) -> 2 | C8: 50000 | D8: =B8*C8 -> 100000 | E8: =Rubiel_Perez!H14 -> 2
A9: Alambre de cerca Calibre 14 x Rollo x 1000 Metros | B9: =SUM(E9:E9) -> 10 | C9: 270000 | D9: =B9*C9 -> 2700000 | E9: =Rubiel_Perez!H11 -> 10
A10: Alambre de cerca Calibre 12 x Rollo x 1000 Metros | B10: =SUM(E10:E10) -> 0 | C10: 270000 | D10: =B10*C10 -> 0
A11: Alambre de Cobre Calibre 12 x Metro | B11: =SUM(E11:E11) -> 0 | C11: 3500 | D11: =B11*C11 -> 0
A12: Alambre de Cobre Calibre 14 x Metro | B12: =SUM(E12:E12) -> 50 | C12: 3500 | D12: =B12*C12 -> 175000 | E12: =Rubiel_Perez!H21 -> 50
A13: Alambre de pua Calibre 12,5 Rollo x 330Metro Proalco | B13: =SUM(E13:E13) -> 0 | C13: 350000 | D13: =B13*C13 -> 0
A14: Alambre de Pua calibre 14 X 500 mts Proalco | B14: =SUM(E14:E14) -> 0 | C14: 350000 | D14: =B14*C14 -> 0
A15: Alambre de Pua calibre 16.5 Rollo x 400 Metros Proalco | B15: =SUM(E15:E15) -> 0 | C15: 350000 | D15: =B15*C15 -> 0
A16: Alambre de pua calibre calibre 16 x 100 metros | B16: =SUM(E16:E16) -> 0 | C16: 123000 | D16: =B16*C16 -> 0
A17: Alambre Aluminio Cal 6 X Mtrs | B17: =SUM(E17:E17) -> 0 | C17: 350000 | D17: =B17*C17 -> 0
A18: Alambre Dulce Calibre 16 x Kilo | B18: =SUM(E18:E18) -> 0 | C18: 3500 | D18: =B18*C18 -> 0
A19: Alambre Negro para amarre x kilo | B19: =SUM(E19:E19) -> 0 | C19: 10000 | D19: =B19*C19 -> 0
A20: Alicate Universal de 8" | B20: =SUM(E20:E20) -> 0 | C20: 350000 | D20: =B20*C20 -> 0
A21: Alicate Diablo x Unidad | B21: =SUM(E21:E21) -> 0 | C21: 350000 | D21: =B21*C21 -> 0
A22: Amarres x 100 para zinc | B22: =SUM(E22:E22) -> 0 | C22: 350000 | D22: =B22*C22 -> 0
A23: Araña para regar Alambre | B23: =SUM(E23:E23) -> 0 | C23: 350000 | D23: =B23*C23 -> 0
A24: Azadón con cabo B/H | B24: =SUM(E24:E24) -> 0 | C24: 350000 | D24: =B24*C24 -> 0
A25: Aro Plateo para Guadaña | B25: =SUM(E25:E25) -> 0 | C25: 350000 | D25: =B25*C25 -> 0
A26: Adaptador PVC Hembra de ½" | B26: =SUM(E26:E26) -> 4 | C26: 2500 | D26: =B26*C26 -> 10000 | E26: =Rubiel_Perez!H53 -> 4
A27: Adaptador PVC Hembra de ¾" | B27: =SUM(E27:E27) -> 0 | C27: 2500 | D27: =B27*C27 -> 0
A28: Adaptador PVC Hembra de 1" | B28: =SUM(E28:E28) -> 0 | C28: 3000 | D28: =B28*C28 -> 0
A29: Adaptador PVC Macho de ½" | B29: =SUM(E29:E29) -> 4 | C29: 2500 | D29: =B29*C29 -> 10000 | E29: =Rubiel_Perez!H54 -> 4
A30: Adaptador PVC Macho de ¾" | B30: =SUM(E30:E30) -> 0 | C30: 2500 | D30: =B30*C30 -> 0
A31: Adaptador PVC Macho de 1" | B31: =SUM(E31:E31) -> 0 | C31: 3000 | D31: =B31*C31 -> 0
A32: Adaptador PVC Macho de 1 1/4" | B32: =SUM(E32:E32) -> 1 | C32: 4000 | D32: =B32*C32 -> 4000 | E32: =Rubiel_Perez!H56 -> 1
A33: Adaptador PVC Macho de 1 1/2" | B33: =SUM(E33:E33) -> 1 | C33: 5000 | D33: =B33*C33 -> 5000 | E33: =Rubiel_Perez!H55 -> 1
A34: Bandeja Semillero Plástica x Unidad | B34: =SUM(E34:E34) -> 0 | C34: 9800 | D34: =B34*C34 -> 0
A35: Barreton con cabo | B35: =SUM(E35:E35) -> 0 | C35: 40000 | D35: =B35*C35 -> 0
A36: Bateria seca 12/100 MAGNA | B36: =SUM(E36:E36) -> 1 | C36: 1000000 | D36: =B36*C36 -> 1000000 | E36: =Rubiel_Perez!H17 -> 1
A37: Bateria solar grande green point GELL (150 AMP) | B37: =SUM(E37:E37) -> 0 | C37: 1250000 | D37: =B37*C37 -> 0
A38: Bateria solar grande magna GELL (150 AMP) | B38: =SUM(E38:E38) -> 0 | C38: 1350000 | D38: =B38*C38 -> 0
A39: Bateria solar mediana (120 AMP) | B39: =SUM(E39:E39) -> 0 | C39: 1120494 | D39: =B39*C39 -> 0
A40: Bateria Solar 55 AMP | B40: =SUM(E40:E40) -> 0 | C40: 600000 | D40: =B40*C40 -> 0
A41: Sulfurphos | B41: =SUM(E41:E41) -> 0 | C41: 400000 | D41: =B41*C41 -> 0
A42: Novatec Premium | B42: =SUM(E42:E42) -> 0 | C42: 350000 | D42: =B42*C42 -> 0
A43: Novatec Solub 45 | B43: =SUM(E43:E43) -> 0 | C43: 380000 | D43: =B43*C43 -> 0
A44: Basacote X 25 kg | B44: =SUM(E44:E44) -> 0 | C44: 720000 | D44: =B44*C44 -> 0
B45: =SUM(E45:E45) -> 0 | D45: =B45*C45 -> 0
A46: Bebedero gallinas medianos | B46: =SUM(E46:E46) -> 0 | C46: 35000 | D46: =B46*C46 -> 0
A47: Bebederos bovino con soporte Marca Royal Condor - 125 lt | B47: =SUM(E47:E47) -> 0 | C47: 380000 | D47: =B47*C47 -> 0
A48: Bebederos bovino con soporte Marca Royal Condor - 250 lt | B48: =SUM(E48:E48) -> 0 | C48: 450000 | D48: =B48*C48 -> 0
A49: Bebedero bovino 250 litros | B49: =SUM(E49:E49) -> 0 | C49: 300000 | D49: =B49*C49 -> 0
A50: Bolsa de miel de purga x 30 kilos | B50: =SUM(E50:E50) -> 0 | C50: 35000 | D50: =B50*C50 -> 0
A51: Bolsa de Cacao de 35 x 15 colibre 2 PLA | B51: =SUM(E51:E51) -> 0 | C51: 3500 | D51: =B51*C51 -> 0
A52: Bolsa Vivero 12X18 Cal 2 PLA | B52: =SUM(E52:E52) -> 0 | C52: 600 | D52: =B52*C52 -> 0
A53: Bolsas semillero de kilo x 1.000 UND | B53: =SUM(E53:E53) -> 0 | C53: 23000 | D53: =B53*C53 -> 0
A54: Bugui (Carretilla Plástica) | B54: =SUM(E54:E54) -> 0 | C54: 250000 | D54: =B54*C54 -> 0
A55: Cinta Teflon ancha | B55: =SUM(E55:E55) -> 0 | C55: 5000 | D55: =B55*C55 -> 0
A56: Cintelita Rollo x 100 Metro | B56: =SUM(E56:E56) -> 0 | C56: 7500 | D56: =B56*C56 -> 0
A57: Cinta, rollo, calibre 6000 x 10 cm x 1000 metros para sistema de riego | B57: =SUM(E57:E57) -> 0 | C57: 480000 | D57: =B57*C57 -> 0
A58: Cable Duplex 2X14 Rollo x mtrs | B58: =SUM(E58:E58) -> 0 | C58: 3500 | D58: =B58*C58 -> 0
A59: Cable encauchetado X3 Cal 12 | B59: =SUM(E59:E59) -> 20 | C59: 16000 | D59: =B59*C59 -> 320000 | E59: =Rubiel_Perez!H63 -> 20
A60: Cable trenzado de dos lineas calibre 20 rollo x 200 metros | B60: =SUM(E60:E60) -> 0 | C60: 300000 | D60: =B60*C60 -> 0
A61: Cal Liquida X Litro | B61: =SUM(E61:E61) -> 3 | C61: 45000 | D61: =B61*C61 -> 135000 | E61: =Rubiel_Perez!H113 -> 3
A62: Cal viva X 50 kilos | B62: =SUM(E62:E62) -> 0 | C62: 32000 | D62: =B62*C62 -> 0
A63: Caneca 55 GL Plastica con tapa | B63: =SUM(E63:E63) -> 1 | C63: 125000 | D63: =B63*C63 -> 125000 | E63: =Rubiel_Perez!H99 -> 1
A64: Caneca 55 GL Doble pestaña | B64: =SUM(E64:E64) -> 1 | C64: 125000 | D64: =B64*C64 -> 125000 | E64: =Rubiel_Perez!H60 -> 1
A65: Chapeta 4" | B65: =SUM(E65:E65) -> 0 | C65: 24700 | D65: =B65*C65 -> 0
A66: Chapeta 3" | B66: =SUM(E66:E66) -> 0 | C66: 23500 | D66: =B66*C66 -> 0
A67: Codo PVC Con rosca de 1" | B67: =SUM(E67:E67) -> 0 | C67: 2500 | D67: =B67*C67 -> 0
A68: Codo PVC de 1" | B68: =SUM(E68:E68) -> 2 | C68: 2500 | D68: =B68*C68 -> 5000 | E68: =Rubiel_Perez!H38 -> 2
A69: Codo PVC de ¾" | B69: =SUM(E69:E69) -> 0 | C69: 2500 | D69: =B69*C69 -> 0
A70: Codo PVC de ½" | B70: =SUM(E70:E70) -> 0 | C70: 2500 | D70: =B70*C70 -> 0
A71: Codo PVC de 1 ½" | B71: =SUM(E71:E71) -> 5 | C71: 5000 | D71: =B71*C71 -> 25000 | E71: =Rubiel_Perez!H39 -> 5
A72: Codo PVC Con rosca de ½" | B72: =SUM(E72:E72) -> 0 | C72: 2500 | D72: =B72*C72 -> 0
A73: Codo PVC Con rosca de ¾" | B73: =SUM(E73:E73) -> 2 | C73: 2500 | D73: =B73*C73 -> 5000 | E73: =Rubiel_Perez!H48 -> 2
A74: Codo de manguera de 1/2" | B74: =SUM(E74:E74) -> 0 | C74: 1800 | D74: =B74*C74 -> 0
A75: Cemento Gris Bulto x 50 kilos | B75: =SUM(E75:E75) -> 0 | C75: 43000 | D75: =B75*C75 -> 0
A76: Collarines Plásticos de ¾" Pulgada | B76: =SUM(E76:E76) -> 0 | C76: 6900 | D76: =B76*C76 -> 0
A77: Comederos para gallinas Lhaura | B77: =SUM(E77:E77) -> 0 | C77: 25000 | D77: =B77*C77 -> 0
A78: Cuchilla doble tiro Super fox | B78: =SUM(E78:E78) -> 1 | C78: 30000 | D78: =B78*C78 -> 30000 | E78: =Rubiel_Perez!H19 -> 1
A79: Cuchillas Sectorizadora | B79: =SUM(E79:E79) -> 0 | C79: 25000 | D79: =B79*C79 -> 0
A80: Cuchillas Guadañas | B80: =SUM(E80:E80) -> 0 | C80: 10000 | D80: =B80*C80 -> 0
A81: Desviador de rayo superfox | B81: =SUM(E81:E81) -> 1 | C81: 33500 | D81: =B81*C81 -> 33500 | E81: =Rubiel_Perez!H20 -> 1
A82: Desgarretadora Aerea | B82: =SUM(E82:E82) -> 1 | C82: 80000 | D82: =B82*C82 -> 80000 | E82: =Rubiel_Perez!H115 -> 1
A83: Dolfos x Bulto *50 kg | B83: =SUM(E83:E83) -> 0 | C83: 15000 | D83: =B83*C83 -> 0
A84: Empaque de 1/2 en llanta | B84: =SUM(E84:E84) -> 4 | C84: 3000 | D84: =B84*C84 -> 12000 | E84: =Rubiel_Perez!H58 -> 4
A85: Panel solar de 55-60 AMP | B85: =SUM(E85:E85) -> 0 | C85: 219200 | D85: =B85*C85 -> 0
A86: Electro bomba EE 1.5 20-1 C-220 2HP 1.½¨ con accesorios | B86: =SUM(E86:E86) -> 0 | C86: 900000 | D86: =B86*C86 -> 0
A87: Silla de carga con aperos (Grupa, garra, sincha, pechera, apero cabeza) | B87: =SUM(E87:E87) -> 0 | C87: 250000 | D87: =B87*C87 -> 0
A88: Flotador Bebedero | B88: =SUM(E88:E88) -> 0 | C88: 30000 | D88: =B88*C88 -> 0
A89: Flotador de ½" en bronce con varilla y bola | B89: =SUM(E89:E89) -> 2 | C89: 53000 | D89: =B89*C89 -> 106000 | E89: =Rubiel_Perez!H61 -> 2
A90: Filtro en Y con anillos 3/4" | B90: =SUM(E90:E90) -> 0 | C90: 45000 | D90: =B90*C90 -> 0
A91: Fondo para trapiche de 1,10 metro | B91: =SUM(E91:E91) -> 0 | C91: 850000 | D91: =B91*C91 -> 0
A92: Fumigadora de espalda royal Condor Clasica | B92: =SUM(E92:E92) -> 0 | C92: 395000 | D92: =B92*C92 -> 0
A93: Grapa larga x kilo Puma | B93: =SUM(E93:E93) -> 0 | C93: 6000 | D93: =B93*C93 -> 0
A94: Grapas mediana X kilo | B94: =SUM(E94:E94) -> 0 | C94: 6000 | D94: =B94*C94 -> 0
A95: Guante de carnaza | B95: =SUM(E95:E95) -> 0 | C95: 20000 | D95: =B95*C95 -> 0
A96: Guadañadora Husvarna 143 | B96: =SUM(E96:E96) -> 0 | C96: 2030000 | D96: =B96*C96 -> 0
A97: Guadañadora Zenoah G45L | B97: =SUM(E97:E97) -> 0 | C97: 2100000 | D97: =B97*C97 -> 0
A98: Guadañadora Maruyama B43 Rigida | B98: =SUM(E98:E98) -> 0 | C98: 2100000 | D98: =B98*C98 -> 0
A99: Hacha con cabo Bellota | B99: =SUM(E99:E99) -> 0 | C99: 60000 | D99: =B99*C99 -> 0
A100: Hidrantes de uso agrícola de ½ de Pulgada Plástico | B100: =SUM(E100:E100) -> 0 | C100: 30000 | D100: =B100*C100 -> 0
...

Sheet Rubiel_Perez
K6: Abejas
B7: ACTIVIDADES DE INVERSION FAMILIA: _Rubiel Perez
B8: ACTIVIDAD # 1. Implementación de 5,3 hectáreas de sistema silvopastoril de 2 potreros se sacan 10 potreros de 0,5 hectareas
B9: SUB ACTIVIDAD | C9: APORTE DE LA FAMILIA | G9: APORTE DEL PROYECTO
C10: ARTICULO | D10: CANTIDAD | E10: VALOR UNI | F10: VALOR TOTAL | G10: ARTICULO | H10: CANTIDAD | I10: VALOR UNI | J10: VALOR TOTAL
C11: Estantillos y mano de obra | D11: 200 | E11: 25000 | F11: =D11*E11 -> 5000000 | G11: Alambre de cerca Calibre 14 x Rollo x 1000 Metros Puma | H11: 10 | I11: 270000 | J11: =H11*I11 -> 2700000
G12: Aislador Pera bolsa*25 Marca Súper Fox | H12: 4 | I12: 35000 | J12: =H12*I12 -> 140000
F13: =D13*E13 -> 0 | G13: Tensor pequeño 500 metros punto rojo | H13: 70 | I13: 5000 | J13: =H13*I13 -> 350000
F14: =D14*E14 -> 0 | G14: Alambre aislador rollo*50 Súper Fox | H14: 2 | I14: 60000 | J14: =H14*I14 -> 120000
G15: Aisldor Puntila bolsa x 100 unidades | H15: 5 | I15: 38000 | J15: =H15*I15 -> 190000 | L15: 151
G16: Puntilla de 3" | H16: 5 | I16: 6000 | J16: =H16*I16 -> 30000
G17: Bateria seca 12/100 MAGNA | H17: 1 | I17: 1000000 | J17: =H17*I17 -> 1000000
G18: Impulsor 50 km 12V Superfox | H18: 1 | I18: 380000 | J18: =H18*I18 -> 380000
G19: Cuchilla doble tiro Super fox | H19: 1 | I19: 30000 | J19: =H19*I19 -> 30000
G20: Desviador de rayo superfox | H20: 1 | I20: 33000 | J20: =H20*I20 -> 33000
G21: Alambre de Cobre Calibre 14 x Metro | H21: 50 | I21: 3500 | J21: =H21*I21 -> 175000
G22: Regulador 20 AMP/12V | H22: 1 | I22: 130000 | J22: =H22*I22 -> 130000
B24: SUBTOTAL | F24: =SUM(F11:F23) -> 5000000 | G24: SUBTOTAL | J24: =SUM(J11:J23) -> 5278000
B26: ACTIVIDAD # 2. Implementación de 800 metros de acueducto ganadero
B27: SUB ACTIVIDAD | C27: APORTE DE LA FAMILIA | G27: APORTE DEL PROYECTO
C28: ARTICULO | D28: CANTIDAD | E28: VALOR UNI | F28: VALOR TOTAL | G28: ARTICULO | H28: CANTIDAD | I28: VALOR UNI | J28: VALOR TOTAL
B29: Adecuación de acueducto ganader | C29: Torre para tanque | D29: 1 | E29: 2000000 | F29: =D29*E29 -> 2000000 | G29: Tanque Plástico 2000 Litros Alto con tapa x Unidad Proco | H29: 1 | I29: 1088000 | J29: =H29*I29 -> 1088000
C30: Mano de obra | D30: 10 | E30: 90000 | F30: =D30*E30 -> 900000 | G30: Tubo PVC 1 pulgada x 6m presion | H30: 1 | I30: 35000 | J30: =H30*I30 -> 35000
G31: Tubo PVC 1 1/2" pulgada x 6m presion | H31: 2 | I31: 45000 | J31: =H31*I31 -> 90000
C32: Árboles de carbon | D32: 100 | E32: 3000 | F32: =D32*E32 -> 300000 | G32: T Lisa de PVC de 1" | H32: 1 | I32: 1333 | J32: =H32*I32 -> 1333
C33: Aljibe | D33: 1 | E33: 300000 | F33: =D33*E33 -> 300000 | G33: Llave de paso de PVC 1" | H33: 2 | I33: 32000 | J33: =H33*I33 -> 64000
G34: Llave de paso de PVC 1 1/2" | H34: 1 | I34: 40000 | J34: =H34*I34 -> 40000
F35: =D35*E35 -> 0 | G35: Unión universal de 1" | H35: 1 | I35: 11000 | J35: =H35*I35 -> 11000
G36: Unión universal de 1 1/2"" | H36: 2 | I36: 13000 | J36: =H36*I36 -> 26000
G37: Unión PVC de 1 1/2" | H37: 3 | I37: 5900 | J37: =H37*I37 -> 17700
F38: =D38*E38 -> 0 | G38: Codo PVC de 1" | H38: 2 | I38: 2000 | J38: =H38*I38 -> 4000
G39: Codo PVC de 1 1/2" | H39: 5 | I39: 5000 | J39: =H39*I39 -> 25000
F40: =D40*E40 -> 0 | G40: Reducción de PVC de 1" a 3/4" | H40: 2 | I40: 1333 | J40: =H40*I40 -> 2666
F41: =D41*E41 -> 0 | G41: Inserto 3/4" de manguera a tubo x unidad | H41: 10 | I41: 4000 | J41: =H41*I41 -> 40000
G42: T para manguera de 3/4" | H42: 3 | I42: 3000 | J42: =H42*I42 -> 9000
G43: Inserto 1/2" de manguera a tubo x unidad | H43: 6 | I43: 2000 | J43: =H43*I43 -> 12000
G44: Inserto de PVC de 1" ½" | H44: 3
F45: =D45*E45 -> 0 | G45: Manguera PP 3/4x100 C40 Peletizada Rollo x 100 Metros | H45: 4 | I45: 146667 | J45: =H45*I45 -> 586668
G46: Manguera PP 1 1/2"x100 C40 Peletizada Rollo x 100 Metros | H46: 2 | I46: 200000 | J46: =H46*I46 -> 400000
F47: =D47*E47 -> 0 | G47: T 3/4" salida rosca presion x unidad | H47: 5 | I47: 2000 | J47: =H47*I47 -> 10000
F48: =D48*E48 -> 0 | G48: Codo PVC de 3/4" con rosca | H48: 2 | I48: 1333 | J48: =H48*I48 -> 2666
F49: =D49*E49 -> 0 | G49: Hidrantes de 3/4" | H49: 5 | I49: 38000 | J49: =H49*I49 -> 190000
F50: =D50*E50 -> 0 | G50: unión de manguera 3/4" | H50: 5 | I50: 2700 | J50: =H50*I50 -> 13500
G51: Unión de manguera 1 1/2" | H51: 1 | I51: 2700 | J51: =H51*I51 -> 2700
F52: =D52*E52 -> 0 | G52: bayoneta de 1/2" | H52: 2 | I52: 16000 | J52: =H52*I52 -> 32000 | L52: 130
G53: Adaptador hembra de 1/2" | H53: 4 | I53: 533 | J53: =H53*I53 -> 2132
G54: Adaptador macho de 1/2" | H54: 4 | I54: 533 | J54: =H54*I54 -> 2132
G55: Adaptador macho de 1 1/2" | H55: 1 | I55: 5000 | J55: =H55*I55 -> 5000
G56: Adaptador macho de 1 1/4" | H56: 1 | I56: 5000 | J56: =H56*I56 -> 5000
G57: Reducción de PVC de 1 1/2" a 1 1/4" | H57: 1 | I57: 3000 | J57: =H57*I57 -> 3000
G58: Empaque de 1/2" en llanta | H58: 4 | I58: 3000 | J58: =H58*I58 -> 12000
F59: =D59*E59 -> 0 | G59: Manguera Bicolor de 1/2" x metro | H59: 20 | I59: 5333 | J59: =H59*I59 -> 106660
G60: Caneca de 55 galones sellada | H60: 1 | I60: 160000 | J60: =H60*I60 -> 160000
G61: Florador de 1/2" en bronce con varilla y bola | H61: 2 | I61: 53333 | J61: =H61*I61 -> 106666
G62: Kit Electrobomba Solar Kolosal de 80 de cabeza 2 paneles 600 WATT | H62: 1 | I62: 3633300 | J62: =H62*I62 -> 3633300
G63: Cable encuechetado 12x3 | H63: 20 | I63: 20000 | J63: =H63*I63 -> 400000
B64: SUBTOTAL | F64: =SUM(F29:F60) -> 3500000 | G64: SUBTOTAL | J64: =SUM(J29:J63) -> 7139123
B66: ACTIVIDAD # 3. Implementación de 1.000 metros de cerca viva para sombrió en potrero y 270 metros de orilla de nacimiento
B67: SUB ACTIVIDAD | C67: APORTE DE LA FAMILIA | G67: APORTE DEL PROYECTO
C68: ARTICULO | D68: CANTIDAD | E68: VALOR UNI | F68: VALOR TOTAL | G68: ARTICULO | H68: CANTIDAD | I68: VALOR UNI | J68: VALOR TOTAL
G69: Árbol de cedro Rosado | I69: 1500 | J69: =H69*I69 -> 0
C70: Mano de obra | D70: 5 | E70: 90000 | F70: =D70*E70 -> 450000 | G70: Árboles de ahumado chipo | I70: 1500 | J70: =H70*I70 -> 0
F71: =D71*E71 -> 0 | G71: Árboles de melina | I71: 1500 | J71: =H71*I71 -> 0
C72: Árboles de carbon | D72: 100 | E72: 1500 | F72: =D72*E72 -> 150000 | G72: Árboles de Yopo | I72: 1500 | J72: =H72*I72 -> 0
F73: =D73*E73 -> 0 | G73: Árboles de caracoli | I73: 1500 | J73: =H73*I73 -> 0
G74: Árboles de Acacia | I74: 1500 | J74: =H74*I74 -> 0
G75: Árboles de Manguillo | H75: 166 | I75: 1500 | J75: =H75*I75 -> 249000
G76: Árbol de Medio Comino | H76: 166 | I76: 1500 | J76: =H76*I76 -> 249000
G77: Árbol de Juan Soco | H77: 166 | I77: 1500 | J77: =H77*I77 -> 249000
G78: Árbol de ahumado chipo | H78: 166 | I78: 1500 | J78: =H78*I78 -> 249000
G79: Árbol de Mmani | H79: 166 | I79: 1500 | J79: =H79*I79 -> 249000
G80: Árbol de abichuri | H80: 166 | I80: 1500 | J80: =H80*I80 -> 249000
I81: 1500 | J81: =H81*I81 -> 0
G82: Árboles de nogal | H82: 112 | I82: 1500 | J82: =H82*I82 -> 168000
B83: SUBTOTAL | F83: =SUM(F70:F82) -> 600000 | G83: SUBTOTAL | J83: =SUM(J69:J82) -> 1662000
B85: ACTIVIDAD # 4. Implementación de 0,5 hectáreas de SAF con cultivo principal castaño de monte (castaño de monte, pan coger, corredor bioógico)
B86: SUB ACTIVIDAD | C86: APORTE DE LA FAMILIA | G86: APORTE DEL PROYECTO
C87: ARTICULO | D87: CANTIDAD | E87: VALOR UNI | F87: VALOR TOTAL | G87: ARTICULO | H87: CANTIDAD | I87: VALOR UNI | J87: VALOR TOTAL
E88: 15000 | F88: =D88*E88 -> 0 | G88: Árboles de limon Taihti | H88: 4 | I88: 15000 | J88: =H88*I88 -> 60000
C89: Bore | D89: 50 | E89: 5000 | F89: =D89*E89 -> 250000 | G89: Árboles de mandarina | H89: 5 | I89: 15000 | J89: =H89*I89 -> 75000
C90: Colinos de plátano | D90: 100 | E90: 5000 | F90: =D90*E90 -> 500000 | G90: Árboles de naraja valencia | H90: 5 | I90: 15000 | J90: =H90*I90 -> 75000
A91: 540 | C91: Piña | D91: 50 | E91: 1000 | F91: =D91*E91 -> 50000 | G91: Árboles de mango tomy | H91: 5 | I91: 15000 | J91: =H91*I91 -> 75000
C92: Yuca | D92: 500 | E92: 500 | F92: =D92*E92 -> 250000 | G92: Árboles de uva caimarona | H92: 5 | I92: 3000 | J92: =H92*I92 -> 15000
C93: Caña | D93: 50 | E93: 500 | F93: =D93*E93 -> 25000 | G93: Árboles de castaño | H93: 10 | I93: 15000 | J93: =H92*I92 -> 15000
C94: Árboles de Sapote | D94: 3 | E94: 3000 | F94: =D94*E94 -> 9000 | G94: Árboles de guayaba pera | H94: 5 | I94: 15000 | J94: =H93*I93 -> 150000
C95: Árboles de araza | D95: 5 | E95: 5000 | F95: =D95*E95 -> 25000 | G95: Árboles de aguacate lorena | H95: 5 | I95: 8000 | J95: =H94*I94 -> 75000
C96: Árboles de guanabana | D96: 3 | E96: 5000 | F96: =D96*E96 -> 15000 | G96: Palmas de chontaduro | H96: 5 | I96: 2000 | J96: =H96*I96 -> 10000
C97: Mano de obra | D97: 10 | E97: 90000 | F97: =D97*E97 -> 900000 | G97: Árboles de copoazú | H97: 10 | I97: 5000 | J97: =D95*E95 -> 25000
G99: Caneca de 55 galones con tapa | H99: 1 | I99: 194000 | J99: =H99*I99 -> 194000
G100: Sulfato de magnesio x Kilo | H100: 2 | I100: 8667 | J100: =H100*I100 -> 17334
G101: Sulfato de Zinc x Kilo | H101: 2 | I101: 13333 | J101: =H101*I101 -> 26666
G102: Sulfato de Cobre x Kilo | H102: 1 | I102: 42667 | J102: =H102*I102 -> 42667
G103: Sulfato de Potasio x kilo | H103: 1 | I103: 13333 | J103: =H103*I103 -> 13333
G104: Sulfato de Azufre x kilo | H104: 1 | I104: 7333 | J104: =H104*I104 -> 7333
G105: Sulfato de Manganeso x 300 gramos | H105: 1 | I105: 12000 | J105: =H105*I105 -> 12000
G106: Sulfato de Calcio x kilo | H106: 2 | I106: 7333 | J106: =H106*I106 -> 14666 | L106: 29
G107: Sulfato de Borax X kg | H107: 2 | I107: 18000 | J107: =H107*I107 -> 36000
G108: Sulfato de molibdeno x 100 gr | H108: 1 | I108: 70000 | J108: =H108*I108 -> 70000
G109: Cloruro de cobalto x 100 gr | H109: 1 | I109: 70000 | J109: =H109*I109 -> 70000
G110: Sulfato de fosforo x 500 gr | H110: 1 | I110: 12000 | J110: =H110*I110 -> 12000
...

Sheet Jairo_Marin
B7: ACTIVIDADES DE INVERSION FAMILIA: _Jairo Marin
B8: ACTIVIDAD # 1. Implementación de 9,6 hectáreas de sistema silvopastoril de 2 potreros se sacan 10 potreros de 0,5 hectareas
B9: SUB ACTIVIDAD | C9: APORTE DE LA FAMILIA | G9: APORTE DEL PROYECTO
C10: ARTICULO | D10: CANTIDAD | E10: VALOR UNI | F10: VALOR TOTAL | G10: ARTICULO | H10: CANTIDAD | I10: VALOR UNI | J10: VALOR TOTAL
C11: Estantillos y mano de obra | D11: 400 | E11: 25000 | F11: =D11*E11 -> 10000000 | G11: Alambre de cerca Calibre 14 x Rollo x 1000 Metros Puma | H11: 15 | I11: 270000 | J11: =H11*I11 -> 4050000
G12: Aislador Pera bolsa*25 Marca Súper Fox | H12: 4 | I12: 35000 | J12: =H12*I12 -> 140000
F13: =D13*E13 -> 0 | G13: Tensor pequeño 500 metros punto rojo | H13: 70 | I13: 5000 | J13: =H13*I13 -> 350000 | K13: 1600
F14: =D14*E14 -> 0 | G14: Alambre aislador rollo*50 Súper Fox | H14: 2 | I14: 60000 | J14: =H14*I14 -> 120000
G15: Aisldor Puntila bolsa x 100 unidades | H15: 5 | I15: 38000 | J15: =H15*I15 -> 190000 | L15: 151
G16: Puntilla de 3" | H16: 5 | I16: 6000 | J16: =H16*I16 -> 30000
J17: =H17*I17 -> 0
B18: SUBTOTAL | F18: =SUM(F11:F17) -> 10000000 | G18: SUBTOTAL | J18: =SUM(J11:J17) -> 4880000
B20: ACTIVIDAD # 2. Implementación de 800 metros de acueducto ganadero
B21: SUB ACTIVIDAD | C21: APORTE DE LA FAMILIA | G21: APORTE DEL PROYECTO
C22: ARTICULO | D22: CANTIDAD | E22: VALOR UNI | F22: VALOR TOTAL | G22: ARTICULO | H22: CANTIDAD | I22: VALOR UNI | J22: VALOR TOTAL
B23: Adecuación de acueducto ganader | C23: Torre para tanque | D23: 1 | E23: 2000000 | F23: =D23*E23 -> 2000000 | G23: Tanque Plástico 2000 Litros Alto con tapa x Unidad Proco | H23: 1 | I23: 1088000 | J23: =H23*I23 -> 1088000
C24: Mano de obra | D24: 10 | E24: 90000 | F24: =D24*E24 -> 900000 | G24: Tubo PVC 1 pulgada x 6m presion | H24: 1 | I24: 35000 | J24: =H24*I24 -> 35000
G25: Tubo PVC 1 1/2" pulgada x 6m presion | H25: 2 | I25: 45000 | J25: =H25*I25 -> 90000
C26: Arboles frutales: guanabana blanca, borojo, caimo, citricos | D26: 50
C27: Árboles de carbon | D27: 50 | E27: 3000 | F27: =D27*E27 -> 150000 | G27: T Lisa de PVC de 1" | H27: 1 | I27: 1333 | J27: =H27*I27 -> 1333
C28: Aljibe | D28: 1 | E28: 300000 | F28: =D28*E28 -> 300000 | G28: Llave de paso de PVC 1" | H28: 2 | I28: 32000 | J28: =H28*I28 -> 64000
G29: Llave de paso de PVC 1 1/2" | H29: 1 | I29: 40000 | J29: =H29*I29 -> 40000
F30: =D30*E30 -> 0 | G30: Unión universal de 1" | H30: 1 | I30: 11000 | J30: =H30*I30 -> 11000
G31: Unión universal de 1 1/2"" | H31: 2 | I31: 13000 | J31: =H31*I31 -> 26000
G32: Unión PVC de 1 1/2" | H32: 3 | I32: 5900 | J32: =H32*I32 -> 17700
F33: =D33*E33 -> 0 | G33: Codo PVC de 1" | H33: 2 | I33: 2000 | J33: =H33*I33 -> 4000
G34: Codo PVC de 1 1/2" | H34: 5 | I34: 5000 | J34: =H34*I34 -> 25000
F35: =D35*E35 -> 0 | G35: Reducción de PVC de 1" a 3/4" | H35: 2 | I35: 1333 | J35: =H35*I35 -> 2666
F36: =D36*E36 -> 0 | G36: Inserto 3/4" de manguera a tubo x unidad | H36: 10 | I36: 4000 | J36: =H36*I36 -> 40000
G37: T para manguera de 3/4" | H37: 3 | I37: 3000 | J37: =H37*I37 -> 9000
G38: Inserto 1/2" de manguera a tubo x unidad | H38: 6 | I38: 2000 | J38: =H38*I38 -> 12000
G39: Inserto de PVC de 1" ½" | H39: 3
F40: =D40*E40 -> 0 | G40: Manguera PP 3/4x100 C40 Peletizada Rollo x 100 Metros | H40: 4 | I40: 146667 | J40: =H40*I40 -> 586668
G41: Manguera PP 1 1/2"x100 C40 Peletizada Rollo x 100 Metros | H41: 1 | I41: 200000 | J41: =H41*I41 -> 200000
F42: =D42*E42 -> 0 | G42: T 3/4" salida rosca presion x unidad | H42: 5 | I42: 2000 | J42: =H42*I42 -> 10000
F43: =D43*E43 -> 0 | G43: Codo PVC de 3/4" con rosca | H43: 2 | I43: 1333 | J43: =H43*I43 -> 2666
F44: =D44*E44 -> 0 | G44: Hidrantes de 3/4" | H44: 5 | I44: 38000 | J44: =H44*I44 -> 190000
F45: =D45*E45 -> 0 | G45: unión de manguera 3/4" | H45: 5 | I45: 2700 | J45: =H45*I45 -> 13500
G46: Unión de manguera 1 1/2" | H46: 1 | I46: 2700 | J46: =H46*I46 -> 2700
F47: =D47*E47 -> 0 | G47: bayoneta de 1/2" | H47: 2 | I47: 16000 | J47: =H47*I47 -> 32000 | L47: 130
G48: Adaptador hembra de 1/2" | H48: 4 | I48: 533 | J48: =H48*I48 -> 2132
G49: Adaptador macho de 1/2" | H49: 4 | I49: 533 | J49: =H49*I49 -> 2132
G50: Adaptador macho de 1 1/2" | H50: 1 | I50: 5000 | J50: =H50*I50 -> 5000
G51: Adaptador macho de 1 1/4" | H51: 1 | I51: 5000 | J51: =H51*I51 -> 5000
G52: Reducción de PVC de 1 1/2" a 1 1/4" | H52: 1 | I52: 3000 | J52: =H52*I52 -> 3000
G53: Empaque de 1/2" en llanta | H53: 4 | I53: 3000 | J53: =H53*I53 -> 12000
F54: =D54*E54 -> 0 | G54: Manguera Bicolor de 1/2" x metro | H54: 20 | I54: 5333 | J54: =H54*I54 -> 106660
G55: Caneca de 55 galones sellada | H55: 1 | I55: 160000 | J55: =H55*I55 -> 160000
G56: Florador de 1/2" en bronce con varilla y bola | H56: 2 | I56: 53333 | J56: =H56*I56 -> 106666
G57: Kit Electrobomba Solar Kolosal de 80 de cabeza 2 paneles 600 WATT | H57: 1 | I57: 3633300 | J57: =H57*I57 -> 3633300
G58: Cable encuechetado 12x3 | H58: 20 | I58: 20000 | J58: =H58*I58 -> 400000
B59: SUBTOTAL | F59: =SUM(F23:F55) -> 3350000 | G59: SUBTOTAL | J59: =SUM(J23:J58) -> 6939123
B61: ACTIVIDAD # 3. Implementación de 1.600 metros de cerca viva para sombrió en potrero y 270 metros de orilla de nacimiento
B62: SUB ACTIVIDAD | C62: APORTE DE LA FAMILIA | G62: APORTE DEL PROYECTO
C63: ARTICULO | D63: CANTIDAD | E63: VALOR UNI | F63: VALOR TOTAL | G63: ARTICULO | H63: CANTIDAD | I63: VALOR UNI | J63: VALOR TOTAL
G64: Árboles de Dinde | H64: 50 | I64: 1500 | J64: =H64*I64 -> 75000
C65: Mano de obra | D65: 5 | E65: 90000 | F65: =D65*E65 -> 450000 | G65: Árboles de ahumado chipo | H65: 50 | I65: 1500 | J65: =H65*I65 -> 75000
F66: =D66*E66 -> 0 | G66: Árboles de Achapo | H66: 50 | I66: 1500 | J66: =H66*I66 -> 75000
C67: Árboles de carbon | D67: 100 | E67: 1500 | F67: =D67*E67 -> 150000 | I67: 1500 | J67: =H67*I67 -> 0
C68: Semillas, vivero de sp que se consiguen en su finca | F68: =D68*E68 -> 0 | G68: Árboles de caracoli | H68: 50 | I68: 1500 | J68: =H68*I68 -> 75000
I69: 1500 | J69: =H69*I69 -> 0
G70: Árboles de Manguillo | H70: 50 | I70: 1500 | J70: =H70*I70 -> 75000
G71: Árbol de Medio Comino | H71: 50 | I71: 1500 | J71: =H71*I71 -> 75000
G72: Árbol de Juan Soco | H72: 50 | I72: 1500 | J72: =H72*I72 -> 75000
G73: Árbol de ahumado chipo | H73: 50 | I73: 1500 | J73: =H73*I73 -> 75000
G74: Árbol de Mani | H74: 50 | I74: 1500 | J74: =H74*I74 -> 75000
G75: Árbol de abichuri | H75: 50 | I75: 1500 | J75: =H75*I75 -> 75000
G76: Laureles | I76: 1500 | J76: =H76*I76 -> 0
G77: Árboles de nogal | H77: 50 | I77: 1500 | J77: =H77*I77 -> 75000
B78: SUBTOTAL | F78: =SUM(F65:F77) -> 600000 | G78: SUBTOTAL | J78: =SUM(J64:J77) -> 825000
B80: ACTIVIDAD # 4. Implementación de 1 hectáreas de SAF con cultivo principal castaño de monte (castaño de monte, pan coger)
B81: SUB ACTIVIDAD | C81: APORTE DE LA FAMILIA | G81: APORTE DEL PROYECTO
C82: ARTICULO | D82: CANTIDAD | E82: VALOR UNI | F82: VALOR TOTAL | G82: ARTICULO | H82: CANTIDAD | I82: VALOR UNI | J82: VALOR TOTAL
E83: 15000 | F83: =D83*E83 -> 0 | G83: Árboles de limon Taihti | H83: 4 | I83: 15000 | J83: =H83*I83 -> 60000
C84: Bore | D84: 50 | E84: 5000 | F84: =D84*E84 -> 250000 | G84: Árboles de mandarina | H84: 5 | I84: 15000 | J84: =H84*I84 -> 75000
C85: Colinos de plátano | D85: 100 | E85: 5000 | F85: =D85*E85 -> 500000 | G85: Árboles de naraja valencia | H85: 10 | I85: 15000 | J85: =H85*I85 -> 150000
A86: 540 | C86: Piña | D86: 50 | E86: 1000 | F86: =D86*E86 -> 50000 | G86: Árboles de mango tomy | H86: 5 | I86: 15000 | J86: =H86*I86 -> 75000
C87: Yuca | D87: 500 | E87: 500 | F87: =D87*E87 -> 250000 | G87: Árboles de uva caimarona | H87: 5 | I87: 3000 | J87: =H87*I87 -> 15000
C88: Caña | D88: 50 | E88: 500 | F88: =D88*E88 -> 25000 | G88: Árboles de castaño | H88: 100 | I88: 15000 | J88: =H87*I87 -> 15000
C89: Árboles de Sapote | D89: 3 | E89: 3000 | F89: =D89*E89 -> 9000 | G89: Árboles de guayaba pera | H89: 5 | I89: 15000 | J89: =H88*I88 -> 1500000
C90: Árboles de araza | D90: 5 | E90: 5000 | F90: =D90*E90 -> 25000 | G90: Árboles de aguacate lorena | H90: 5 | I90: 8000 | J90: =H89*I89 -> 75000
C91: Árboles de guanabana | D91: 3 | E91: 5000 | F91: =D91*E91 -> 15000 | H91: 5 | I91: 2000 | J91: =H91*I91 -> 10000
C92: Mano de obra | D92: 10 | E92: 90000 | F92: =D92*E92 -> 900000
C93: Palma chontaduro
C94: Arboles de copoazú | G94: Caneca de 55 galones con tapa | H94: 1 | I94: 194000 | J94: =H94*I94 -> 194000
G95: Sulfato de magnesio x Kilo | H95: 2 | I95: 8667 | J95: =H95*I95 -> 17334
G96: Sulfato de Zinc x Kilo | H96: 2 | I96: 13333 | J96: =H96*I96 -> 26666
G97: Sulfato de Cobre x Kilo | H97: 1 | I97: 42667 | J97: =H97*I97 -> 42667
G98: Sulfato de Potasio x kilo | H98: 1 | I98: 13333 | J98: =H98*I98 -> 13333
G99: Sulfato de Azufre x kilo | H99: 1 | I99: 7333 | J99: =H99*I99 -> 7333
G100: Sulfato de Manganeso x 300 gramos | H100: 1 | I100: 12000 | J100: =H100*I100 -> 12000
G101: Sulfato de Calcio x kilo | H101: 2 | I101: 7333 | J101: =H101*I101 -> 14666 | L101: 29
G102: Sulfato de Borax X kg | H102: 2 | I102: 18000 | J102: =H102*I102 -> 36000
G103: Sulfato de molibdeno x 100 gr | H103: 1 | I103: 70000 | J103: =H103*I103 -> 70000
G104: Cloruro de cobalto x 100 gr | H104: 1 | I104: 70000 | J104: =H104*I104 -> 70000
G105: Sulfato de fosforo x 500 gr | H105: 1 | I105: 12000 | J105: =H105*I105 -> 12000
G106: Levadura x libra | H106: 2 | I106: 16000 | J106: =H106*I106 -> 32000
G107: Miel de purga x 30 kilos | H107: 1 | I107: 40000 | J107: =H107*I107 -> 40000
G108: Cal 40 x litro | H108: 3 | I108: 42000 | J108: =H108*I108 -> 126000
G109: serrucho curvo para poda | H109: 1 | I109: 40000 | J109: =H109*I109 -> 40000
...

Sheet Liliana_Gaviria
B7: ACTIVIDADES DE INVERSION FAMILIA: _Liliana Gaviria
B8: ACTIVIDAD # 1. Implementación de 10 hectáreas de sistema silvopastoril de 4 potreros se sacan 20 potreros de 0,5 hectareas
B9: SUB ACTIVIDAD | C9: APORTE DE LA FAMILIA | G9: APORTE DEL PROYECTO
C10: ARTICULO | D10: CANTIDAD | E10: VALOR UNI | F10: VALOR TOTAL | G10: ARTICULO | H10: CANTIDAD | I10: VALOR UNI | J10: VALOR TOTAL
C11: Estantillos y mano de obra | D11: 500 | E11: 30000 | F11: =D11*E11 -> 15000000 | G11: Alambre de cerca Calibre 14 x Rollo x 1000 Metros Puma | H11: 10 | I11: 270000 | J11: =H11*I11 -> 2700000
G12: Aislador Pera bolsa*25 Marca Súper Fox | H12: 4 | I12: 35000 | J12: =H12*I12 -> 140000
F13: =D13*E13 -> 0 | G13: Tensor pequeño 500 metros punto rojo | H13: 100 | I13: 5000 | J13: =H13*I13 -> 500000 | K13: 1600
F14: =D14*E14 -> 0 | G14: Alambre aislador rollo*50 Súper Fox | H14: 2 | I14: 60000 | J14: =H14*I14 -> 120000
G15: Aisldor Puntila bolsa x 100 unidades | H15: 12 | I15: 38000 | J15: =H15*I15 -> 456000 | L15: 151
G16: Puntilla de 3" | H16: 12 | I16: 6000 | J16: =H16*I16 -> 72000
J17: =H17*I17 -> 0
B18: SUBTOTAL | F18: =SUM(F11:F17) -> 15000000 | G18: SUBTOTAL | J18: =SUM(J11:J17) -> 3988000
B20: ACTIVIDAD # 2. Implementación de 800 metros de acueducto ganadero
B21: SUB ACTIVIDAD | C21: APORTE DE LA FAMILIA | G21: APORTE DEL PROYECTO
C22: ARTICULO | D22: CANTIDAD | E22: VALOR UNI | F22: VALOR TOTAL | G22: ARTICULO | H22: CANTIDAD | I22: VALOR UNI | J22: VALOR TOTAL
B23: Adecuación de acueducto ganader | C23: Torre para tanque | D23: 1 | E23: 2000000 | F23: =D23*E23 -> 2000000 | G23: Tanque Plástico 2000 Litros Alto con tapa x Unidad Proco | H23: 1 | I23: 1088000 | J23: =H23*I23 -> 1088000
C24: Mano de obra | D24: 15 | E24: 90000 | F24: =D24*E24 -> 1350000 | G24: Tubo PVC 1 pulgada x 6m presion | H24: 1 | I24: 35000 | J24: =H24*I24 -> 35000
G25: Tubo PVC 1 1/2" pulgada x 6m presion | H25: 2 | I25: 45000 | J25: =H25*I25 -> 90000
C26: Arboles frutales: guanabana blanca, borojo, caimo, citricos | D26: 50
C27: Árboles de ceiba | D27: 10 | E27: 3000 | F27: =D27*E27 -> 30000 | G27: T Lisa de PVC de 1" | H27: 1 | I27: 1333 | J27: =H27*I27 -> 1333
C28: Aljibe | D28: 1 | E28: 300000 | F28: =D28*E28 -> 300000 | G28: Llave de paso de PVC 1" | H28: 2 | I28: 32000 | J28: =H28*I28 -> 64000
G29: Llave de paso de PVC 1 1/2" | H29: 1 | I29: 40000 | J29: =H29*I29 -> 40000
F30: =D30*E30 -> 0 | G30: Unión universal de 1" | H30: 1 | I30: 11000 | J30: =H30*I30 -> 11000
G31: Unión universal de 1 1/2"" | H31: 2 | I31: 13000 | J31: =H31*I31 -> 26000
G32: Unión PVC de 1 1/2" | H32: 3 | I32: 5900 | J32: =H32*I32 -> 17700
F33: =D33*E33 -> 0 | G33: Codo PVC de 1" | H33: 2 | I33: 2000 | J33: =H33*I33 -> 4000
G34: Codo PVC de 1 1/2" | H34: 5 | I34: 5000 | J34: =H34*I34 -> 25000
F35: =D35*E35 -> 0 | G35: Reducción de PVC de 1" a 3/4" | H35: 2 | I35: 1333 | J35: =H35*I35 -> 2666
F36: =D36*E36 -> 0 | G36: Inserto 3/4" de manguera a tubo x unidad | H36: 10 | I36: 4000 | J36: =H36*I36 -> 40000
G37: T para manguera de 3/4" | H37: 3 | I37: 3000 | J37: =H37*I37 -> 9000
G38: Inserto 1/2" de manguera a tubo x unidad | H38: 6 | I38: 2000 | J38: =H38*I38 -> 12000
G39: Inserto de PVC de 1" ½" | H39: 3
F40: =D40*E40 -> 0 | G40: Manguera PP 3/4x100 C40 Peletizada Rollo x 100 Metros | H40: 4 | I40: 146667 | J40: =H40*I40 -> 586668
G41: Manguera PP 1 1/2"x100 C40 Peletizada Rollo x 100 Metros | H41: 2 | I41: 200000 | J41: =H41*I41 -> 400000
F42: =D42*E42 -> 0 | G42: T 3/4" salida rosca presion x unidad | H42: 5 | I42: 2000 | J42: =H42*I42 -> 10000
F43: =D43*E43 -> 0 | G43: Codo PVC de 3/4" con rosca | H43: 2 | I43: 1333 | J43: =H43*I43 -> 2666
F44: =D44*E44 -> 0 | G44: Hidrantes de 3/4" | H44: 5 | I44: 38000 | J44: =H44*I44 -> 190000
F45: =D45*E45 -> 0 | G45: unión de manguera 3/4" | H45: 5 | I45: 2700 | J45: =H45*I45 -> 13500
G46: Unión de manguera 1 1/2" | H46: 1 | I46: 2700 | J46: =H46*I46 -> 2700
F47: =D47*E47 -> 0 | G47: bayoneta de 1/2" | H47: 2 | I47: 16000 | J47: =H47*I47 -> 32000 | L47: 130
G48: Adaptador hembra de 1/2" | H48: 4 | I48: 533 | J48: =H48*I48 -> 2132
G49: Adaptador macho de 1/2" | H49: 4 | I49: 533 | J49: =H49*I49 -> 2132
G50: Adaptador macho de 1 1/2" | H50: 1 | I50: 5000 | J50: =H50*I50 -> 5000
G51: Adaptador macho de 1 1/4" | H51: 1 | I51: 5000 | J51: =H51*I51 -> 5000
G52: Reducción de PVC de 1 1/2" a 1 1/4" | H52: 1 | I52: 3000 | J52: =H52*I52 -> 3000
G53: Empaque de 1/2" en llanta | H53: 4 | I53: 3000 | J53: =H53*I53 -> 12000
F54: =D54*E54 -> 0 | G54: Manguera Bicolor de 1/2" x metro | H54: 20 | I54: 5333 | J54: =H54*I54 -> 106660
G55: Caneca de 55 galones sellada | H55: 1 | I55: 160000 | J55: =H55*I55 -> 160000
G56: Florador de 1/2" en bronce con varilla y bola | H56: 2 | I56: 53333 | J56: =H56*I56 -> 106666
G57: Kit Electrobomba Solar Kolosal de 80 de cabeza 2 paneles 600 WATT | H57: 1 | I57: 3633300 | J57: =H57*I57 -> 3633300
G58: Cable encuechetado 12x3 | H58: 20 | I58: 20000 | J58: =H58*I58 -> 400000
B59: SUBTOTAL | F59: =SUM(F23:F55) -> 3680000 | G59: SUBTOTAL | J59: =SUM(J23:J58) -> 7139123
B61: ACTIVIDAD # 3. Implementación de 1.500 metros de cerca viva para sombrió en potrero y 270 metros de orilla de nacimiento
B62: SUB ACTIVIDAD | C62: APORTE DE LA FAMILIA | G62: APORTE DEL PROYECTO
C63: ARTICULO | D63: CANTIDAD | E63: VALOR UNI | F63: VALOR TOTAL | G63: ARTICULO | H63: CANTIDAD | I63: VALOR UNI | J63: VALOR TOTAL
G64: Árboles de ahumado muchilero | H64: 85 | I64: 1500 | J64: =H64*I64 -> 127500
C65: Mano de obra | D65: 5 | E65: 90000 | F65: =D65*E65 -> 450000 | G65: Árboles de ahumado chipo | H65: 85 | I65: 1500 | J65: =H65*I65 -> 127500
F66: =D66*E66 -> 0 | G66: Árboles de Achapo | H66: 85 | I66: 1500 | J66: =H66*I66 -> 127500
C67: Árboles de carbon | D67: 100 | E67: 1500 | F67: =D67*E67 -> 150000 | G67: Árbol de Medio Comino | H67: 85 | I67: 1500 | J67: =H67*I67 -> 127500
C68: Semillas, vivero de sp que se consiguen en su finca | F68: =D68*E68 -> 0 | G68: Árbol de Juan Soco | H68: 85 | I68: 1500 | J68: =H68*I68 -> 127500
G69: Árboles de marfil | H69: 85 | I69: 1500 | J69: =H69*I69 -> 127500
G70: Cedro Rosado | H70: 85 | I70: 1500 | J70: =H70*I70 -> 127500
J71: =H71*I71 -> 0
J72: =H72*I72 -> 0
J73: =H73*I73 -> 0
J74: =H74*I74 -> 0
J75: =H75*I75 -> 0
B76: SUBTOTAL | F76: =SUM(F65:F75) -> 600000 | G76: SUBTOTAL | J76: =SUM(J64:J75) -> 892500
B78: ACTIVIDAD # 4. Implementación de 1 hectáreas de SAF con cultivo principal castaño de monte (castaño de monte, pan coger)
B79: SUB ACTIVIDAD | C79: APORTE DE LA FAMILIA | G79: APORTE DEL PROYECTO
C80: ARTICULO | D80: CANTIDAD | E80: VALOR UNI | F80: VALOR TOTAL | G80: ARTICULO | H80: CANTIDAD | I80: VALOR UNI | J80: VALOR TOTAL
C81: Colinos de plátano | D81: 100 | E81: 5000 | F81: =D81*E81 -> 500000 | G81: Árboles de limon Taihti | H81: 4 | I81: 15000 | J81: =H81*I81 -> 60000
C82: Piña | D82: 30 | F82: =D82*E82 -> 0 | G82: Árboles de mandarina | H82: 5 | I82: 15000 | J82: =H82*I82 -> 75000
C83: Yuca | D83: 100 | E83: 5000 | F83: =D83*E83 -> 500000 | G83: Árboles de naraja valencia | H83: 10 | I83: 15000 | J83: =H83*I83 -> 150000
A84: 540 | C84: Palma chontaduro | D84: 3 | E84: 5000 | G84: Árboles de mango tomy | H84: 5 | I84: 15000 | J84: =H84*I84 -> 75000
C85: Arboles de copoazú | D85: 10 | E85: 90000 | G85: Árboles de uva caimarona | H85: 5 | I85: 3000 | J85: =H85*I85 -> 15000
G86: Árboles de castaño | H86: 5 | I86: 15000 | J86: =H85*I85 -> 15000
C87: Mano de obra | D87: 5 | E87: 5000 | G87: Árboles de aguacate lorena | H87: 5 | I87: 8000 | J87: =H86*I86 -> 75000
G89: Caneca de 55 galones con tapa | H89: 1 | I89: 194000 | J89: =H89*I89 -> 194000
G90: Sulfato de magnesio x Kilo | H90: 2 | I90: 8667 | J90: =H90*I90 -> 17334
G91: Sulfato de Zinc x Kilo | H91: 2 | I91: 13333 | J91: =H91*I91 -> 26666
G92: Sulfato de Cobre x Kilo | H92: 1 | I92: 42667 | J92: =H92*I92 -> 42667
G93: Sulfato de Potasio x kilo | H93: 1 | I93: 13333 | J93: =H93*I93 -> 13333
G94: Sulfato de Azufre x kilo | H94: 1 | I94: 7333 | J94: =H94*I94 -> 7333
G95: Sulfato de Manganeso x 300 gramos | H95: 1 | I95: 12000 | J95: =H95*I95 -> 12000
G96: Sulfato de Calcio x kilo | H96: 2 | I96: 7333 | J96: =H96*I96 -> 14666 | L96: 29
G97: Sulfato de Borax X kg | H97: 2 | I97: 18000 | J97: =H97*I97 -> 36000
G98: Sulfato de molibdeno x 100 gr | H98: 1 | I98: 70000 | J98: =H98*I98 -> 70000
G99: Cloruro de cobalto x 100 gr | H99: 1 | I99: 70000 | J99: =H99*I99 -> 70000
G100: Sulfato de fosforo x 500 gr | H100: 1 | I100: 12000 | J100: =H100*I100 -> 12000
G101: Levadura x libra | H101: 2 | I101: 16000 | J101: =H101*I101 -> 32000
G102: Miel de purga x 30 kilos | H102: 1 | I102: 40000 | J102: =H102*I102 -> 40000
G103: Cal 40 x litro | H103: 3 | I103: 42000 | J103: =H103*I103 -> 126000
G104: serrucho curvo para poda | H104: 1 | I104: 40000 | J104: =H104*I104 -> 40000
G105: Desgarretadora aerea | H105: 1 | I105: 80000 | J105: =H105*I105 -> 80000
G106: Tijera de podar N° 9 | H106: 1 | I106: 70000 | J106: =H106*I106 -> 70000
G107: Micorriza x bulto | H107: 2 | I107: 40000 | J107: =H107*I107 -> 80000
G108: Tricalcio bulto x 50 kilos | H108: 2 | I108: 50000 | J108: =H108*I108 -> 100000
G109: Basacote
B110: SUBTOTAL | F110: =SUM(F81:F103) -> 1000000 | G110: SUBTOTAL | J110: =SUM(J81:J109) -> 1548999
...

Sheet NIdia_Motta
B7: ACTIVIDADES DE INVERSION FAMILIA: _Nidia Motta | K7: Abejas
B8: ACTIVIDAD # 1. Implementación de 9,8 hectáreas de sistema silvopastoril de 5 potreros se sacan 20 potreros de 0,5 hectareas
B9: SUB ACTIVIDAD | C9: APORTE DE LA FAMILIA | G9: APORTE DEL PROYECTO
C10: ARTICULO | D10: CANTIDAD | E10: VALOR UNI | F10: VALOR TOTAL | G10: ARTICULO | H10: CANTIDAD | I10: VALOR UNI | J10: VALOR TOTAL
C11: Estantillos y mano de obra | D11: 300 | E11: 30000 | F11: =D11*E11 -> 9000000 | G11: Alambre de cerca Calibre 14 x Rollo x 1000 Metros Puma | H11: 10 | I11: 270000 | J11: =H11*I11 -> 2700000 | K11: 1300 | L11: Más alambre para corredor
G12: Aislador Pera bolsa*25 Marca Súper Fox | H12: 4 | I12: 35000 | J12: =H12*I12 -> 140000
F13: =D13*E13 -> 0 | G13: Tensor pequeño 500 metros punto rojo | H13: 70 | I13: 5000 | J13: =H13*I13 -> 350000 | K13: =K11*5 -> 6500
F14: =D14*E14 -> 0 | G14: Alambre aislador rollo*50 Súper Fox | H14: 2 | I14: 60000 | J14: =H14*I14 -> 120000
G15: Aisldor Puntila bolsa x 100 unidades | H15: 12 | I15: 38000 | J15: =H15*I15 -> 456000 | K15: 483 | L15: 151
G16: Puntilla de 3" | H16: 12 | I16: 6000 | J16: =H16*I16 -> 72000 | K16: 331
G17: =General!A40 -> Bateria Solar 55 AMP | H17: 1 | I17: 600000 | J17: =H17*I17 -> 600000
J18: =H18*I18 -> 0
J19: =H19*I19 -> 0
J20: =H20*I20 -> 0 | K20: =120*4 -> 480
B21: SUBTOTAL | F21: =SUM(F11:F20) -> 9000000 | G21: SUBTOTAL | J21: =SUM(J11:J20) -> 4438000 | M21: =K11/8 -> 162.5
B23: ACTIVIDAD # 2. Implementación de 800 metros de acueducto ganadero
B24: SUB ACTIVIDAD | C24: APORTE DE LA FAMILIA | G24: APORTE DEL PROYECTO
C25: ARTICULO | D25: CANTIDAD | E25: VALOR UNI | F25: VALOR TOTAL | G25: ARTICULO | H25: CANTIDAD | I25: VALOR UNI | J25: VALOR TOTAL
B26: Adecuación de acueducto ganader | C26: Torre para tanque | D26: 1 | E26: 2000000 | F26: =D26*E26 -> 2000000 | G26: Tanque Plástico 2000 Litros Alto con tapa x Unidad Proco | H26: 1 | I26: 1088000 | J26: =H26*I26 -> 1088000
C27: Mano de obra | D27: 15 | E27: 90000 | F27: =D27*E27 -> 1350000 | G27: Tubo PVC 1 pulgada x 6m presion | H27: 1 | I27: 35000 | J27: =H27*I27 -> 35000
G28: Tubo PVC 1 1/2" pulgada x 6m presion | H28: 2 | I28: 45000 | J28: =H28*I28 -> 90000
C29: Arboles frutales: guanabana blanca, borojo, caimo, citricos | D29: 50
C30: Árboles de ceiba | D30: 10 | E30: 3000 | F30: =D30*E30 -> 30000 | G30: T Lisa de PVC de 1" | H30: 1 | I30: 1333 | J30: =H30*I30 -> 1333
C31: Aljibe | D31: 1 | E31: 300000 | F31: =D31*E31 -> 300000 | G31: Llave de paso de PVC 1" | H31: 2 | I31: 32000 | J31: =H31*I31 -> 64000
G32: Llave de paso de PVC 1 1/2" | H32: 1 | I32: 40000 | J32: =H32*I32 -> 40000
F33: =D33*E33 -> 0 | G33: Unión universal de 1" | H33: 1 | I33: 11000 | J33: =H33*I33 -> 11000
G34: Unión universal de 1 1/2"" | H34: 2 | I34: 13000 | J34: =H34*I34 -> 26000
G35: Unión PVC de 1 1/2" | H35: 3 | I35: 5900 | J35: =H35*I35 -> 17700
F36: =D36*E36 -> 0 | G36: Codo PVC de 1" | H36: 2 | I36: 2000 | J36: =H36*I36 -> 4000
G37: Codo PVC de 1 1/2" | H37: 5 | I37: 5000 | J37: =H37*I37 -> 25000
F38: =D38*E38 -> 0 | G38: Reducción de PVC de 1" a 3/4" | H38: 2 | I38: 1333 | J38: =H38*I38 -> 2666
F39: =D39*E39 -> 0 | G39: Inserto 3/4" de manguera a tubo x unidad | H39: 10 | I39: 4000 | J39: =H39*I39 -> 40000
G40: T para manguera de 3/4" | H40: 3 | I40: 3000 | J40: =H40*I40 -> 9000
G41: Inserto 1/2" de manguera a tubo x unidad | H41: 6 | I41: 2000 | J41: =H41*I41 -> 12000
G42: Inserto de PVC de 1" ½" | H42: 3
F43: =D43*E43 -> 0 | G43: Manguera PP 3/4x100 C40 Peletizada Rollo x 100 Metros | H43: 4 | I43: 146667 | J43: =H43*I43 -> 586668
G44: Manguera PP 1 1/2"x100 C40 Peletizada Rollo x 100 Metros | H44: 2 | I44: 200000 | J44: =H44*I44 -> 400000
F45: =D45*E45 -> 0 | G45: T 3/4" salida rosca presion x unidad | H45: 5 | I45: 2000 | J45: =H45*I45 -> 10000
F46: =D46*E46 -> 0 | G46: Codo PVC de 3/4" con rosca | H46: 2 | I46: 1333 | J46: =H46*I46 -> 2666
F47: =D47*E47 -> 0 | G47: Hidrantes de 3/4" | H47: 5 | I47: 38000 | J47: =H47*I47 -> 190000
F48: =D48*E48 -> 0 | G48: unión de manguera 3/4" | H48: 5 | I48: 2700 | J48: =H48*I48 -> 13500
G49: Unión de manguera 1 1/2" | H49: 1 | I49: 2700 | J49: =H49*I49 -> 2700
F50: =D50*E50 -> 0 | G50: bayoneta de 1/2" | H50: 2 | I50: 16000 | J50: =H50*I50 -> 32000 | L50: 130
G51: Adaptador hembra de 1/2" | H51: 4 | I51: 533 | J51: =H51*I51 -> 2132
G52: Adaptador macho de 1/2" | H52: 4 | I52: 533 | J52: =H52*I52 -> 2132
G53: Adaptador macho de 1 1/2" | H53: 1 | I53: 5000 | J53: =H53*I53 -> 5000
G54: Adaptador macho de 1 1/4" | H54: 1 | I54: 5000 | J54: =H54*I54 -> 5000
G55: Reducción de PVC de 1 1/2" a 1 1/4" | H55: 1 | I55: 3000 | J55: =H55*I55 -> 3000
G56: Empaque de 1/2" en llanta | H56: 4 | I56: 3000 | J56: =H56*I56 -> 12000
F57: =D57*E57 -> 0 | G57: Manguera Bicolor de 1/2" x metro | H57: 20 | I57: 5333 | J57: =H57*I57 -> 106660
G58: Caneca de 55 galones sellada | H58: 1 | I58: 160000 | J58: =H58*I58 -> 160000
G59: Florador de 1/2" en bronce con varilla y bola | H59: 2 | I59: 53333 | J59: =H59*I59 -> 106666
G60: Kit Electrobomba Solar Kolosal de 80 de cabeza 2 paneles 600 WATT | H60: 1 | I60: 3633300 | J60: =H60*I60 -> 3633300
G61: Cable encuechetado 12x3 | H61: 20 | I61: 20000 | J61: =H61*I61 -> 400000
B62: SUBTOTAL | F62: =SUM(F26:F58) -> 3680000 | G62: SUBTOTAL | J62: =SUM(J26:J61) -> 7139123
B64: ACTIVIDAD # 3. Implementación de 1.500 metros de cerca viva para sombrió en potrero y 270 metros de orilla de nacimiento
B65: SUB ACTIVIDAD | C65: APORTE DE LA FAMILIA | G65: APORTE DEL PROYECTO
C66: ARTICULO | D66: CANTIDAD | E66: VALOR UNI | F66: VALOR TOTAL | G66: ARTICULO | H66: CANTIDAD | I66: VALOR UNI | J66: VALOR TOTAL
G67: Árboles de ahumado muchilero | H67: 72 | I67: 1500 | J67: =H67*I67 -> 108000
C68: Mano de obra | D68: 10 | E68: 90000 | F68: =D68*E68 -> 900000 | G68: Árboles de ahumado chipo | H68: 72 | I68: 1500 | J68: =H68*I68 -> 108000
F69: =D69*E69 -> 0 | G69: Árboles de Achapo | H69: 72 | I69: 1500 | J69: =H69*I69 -> 108000
C70: Árboles de carbon | D70: 200 | E70: 1500 | F70: =D70*E70 -> 300000 | G70: Árbol de Medio Comino | H70: 72 | I70: 1500 | J70: =H70*I70 -> 108000
C71: Semillas, vivero de sp que se consiguen en su finca | F71: =D71*E71 -> 0 | G71: Árbol de Juan Soco | H71: 72 | I71: 1500 | J71: =H71*I71 -> 108000
G72: Árboles de marfil | H72: 72 | I72: 1500 | J72: =H72*I72 -> 108000
G73: Cedro Rosado | H73: 72 | I73: 1500 | J73: =H73*I73 -> 108000
G74: Árboles de castaño | H74: 72 | I74: 10000 | J74: =H74*I74 -> 720000
J75: =H75*I75 -> 0
J76: =H76*I76 -> 0
J77: =H77*I77 -> 0
J78: =H78*I78 -> 0
B79: SUBTOTAL | F79: =SUM(F68:F78) -> 1200000 | G79: SUBTOTAL | J79: =SUM(J67:J78) -> 1476000
B81: ACTIVIDAD # 4. Implementación de 1 hectáreas de SAF con cultivo principal castaño de monte (castaño de monte, pan coger)
B82: SUB ACTIVIDAD | C82: APORTE DE LA FAMILIA | G82: APORTE DEL PROYECTO
C83: ARTICULO | D83: CANTIDAD | E83: VALOR UNI | F83: VALOR TOTAL | G83: ARTICULO | H83: CANTIDAD | I83: VALOR UNI | J83: VALOR TOTAL
C84: Colinos de plátano | D84: 200 | E84: 5000 | F84: =D84*E84 -> 1000000 | G84: Árboles de limon Taihti | H84: 4 | I84: 15000 | J84: =H84*I84 -> 60000
C85: Piña | D85: 30 | E85: 2000 | F85: =D85*E85 -> 60000 | G85: Árboles de naraja valencia | H85: 5 | I85: 15000 | J85: =H85*I85 -> 75000
C86: Yuca | D86: 100 | E86: 1000 | F86: =D86*E86 -> 100000 | G86: Árboles de mango tomy | H86: 5 | I86: 15000 | J86: =H86*I86 -> 75000
A87: 540 | C87: Palma chontaduro | D87: 8 | E87: 5000 | F87: =D87*E87 -> 40000 | G87: Árboles de aguacate lorena | H87: 5 | I87: 8000 | J87: =H87*I87 -> 40000
C88: Arboles de caimaron | D88: 10 | E88: 2000 | F88: =D88*E88 -> 20000 | G88: Árboles de castaño | H88: 28 | I88: 15000 | J88: =H88*I88 -> 420000
C89: Arboles de guamo vejuca | D89: 8 | E89: 2000 | F89: =D89*E89 -> 16000 | G89: Árboles de ayaca | H89: 5 | I89: 15000 | J89: =H89*I89 -> 75000
C90: Árboles de borojo | D90: 10 | E90: 2000 | F90: =D90*E90 -> 20000 | G90: Árboles de Sapote | H90: 5 | I90: 8000 | J90: =H90*I90 -> 40000
C91: Árboles de Naranjo | D91: 10 | E91: 5000 | F91: =D91*E91 -> 50000 | G91: Árboles de copoazú | H91: 10 | I91: 8000 | J91: =H91*I91 -> 80000
C92: Árboles de Mandarina | D92: 2 | E92: 5000 | F92: =D92*E92 -> 10000
C93: Árboles Guacury | D93: 1 | E93: 5000 | F93: =D93*E93 -> 5000
C94: Árboles de Guanabano | D94: 6 | E94: 5000 | F94: =D94*E94 -> 30000
C95: Árboles de Maní | D95: 1 | E95: 5000 | F95: =D95*E95 -> 5000 | G95: Caneca de 55 galones con tapa | H95: 1 | I95: 194000 | J95: =H95*I95 -> 194000
C96: Árboles de arbol del pan | D96: 4 | E96: 5000 | F96: =D96*E96 -> 20000 | G96: Sulfato de magnesio x Kilo | H96: 2 | I96: 8667 | J96: =H96*I96 -> 17334
C97: Árboles de caimo | D97: 3 | E97: 5000 | F97: =D97*E97 -> 15000 | G97: Sulfato de Zinc x Kilo | H97: 2 | I97: 13333 | J97: =H97*I97 -> 26666
C98: Árboles de papaya | D98: 10 | E98: 5000 | F98: =D98*E98 -> 50000 | G98: Sulfato de Cobre x Kilo | H98: 1 | I98: 42667 | J98: =H98*I98 -> 42667
C99: Árboles de guayaba | D99: 5 | E99: 5000 | F99: =D99*E99 -> 25000 | G99: Sulfato de Potasio x kilo | H99: 1 | I99: 13333 | J99: =H99*I99 -> 13333
C100: Árboles de limon Pajarito | D100: 9 | E100: 5000 | F100: =D100*E100 -> 45000 | G100: Sulfato de Azufre x kilo | H100: 1 | I100: 7333 | J100: =H100*I100 -> 7333
C101: Árboles de limon Mandarino | D101: 1 | E101: 5000 | F101: =D101*E101 -> 5000 | G101: Sulfato de Manganeso x 300 gramos | H101: 1 | I101: 12000 | J101: =H101*I101 -> 12000
C102: Árboles de limon injerto | D102: 2 | E102: 5000 | F102: =D102*E102 -> 10000 | G102: Sulfato de Calcio x kilo | H102: 2 | I102: 7333 | J102: =H102*I102 -> 14666 | L102: 29
C103: Árboles de limon Concua | D103: 1 | E103: 5000 | F103: =D103*E103 -> 5000 | G103: Sulfato de Borax X kg | H103: 2 | I103: 18000 | J103: =H103*I103 -> 36000
G104: Sulfato de molibdeno x 100 gr | H104: 1 | I104: 70000 | J104: =H104*I104 -> 70000
G105: Cloruro de cobalto x 100 gr | H105: 1 | I105: 70000 | J105: =H105*I105 -> 70000
G106: Sulfato de fosforo x 500 gr | H106: 1 | I106: 12000 | J106: =H106*I106 -> 12000
C107: Mano de obra | D107: 5 | E107: 5000 | G107: Levadura x libra | H107: 2 | I107: 16000 | J107: =H107*I107 -> 32000
G108: Miel de purga x 30 kilos | H108: 1 | I108: 40000 | J108: =H108*I108 -> 40000
G109: Cal 40 x litro | H109: 3 | I109: 42000 | J109: =H109*I109 -> 126000
...

Sheet Mauricio_Asencio
B7: ACTIVIDADES DE INVERSION FAMILIA: _Mauricio Asencio
B8: ACTIVIDAD # 1. Implementación de 26 hectáreas de sistema silvopastoril de 8 potreros se sacan 26 potreros de 1 hectareas
B9: SUB ACTIVIDAD | C9: APORTE DE LA FAMILIA | G9: APORTE DEL PROYECTO
C10: ARTICULO | D10: CANTIDAD | E10: VALOR UNI | F10: VALOR TOTAL | G10: ARTICULO | H10: CANTIDAD | I10: VALOR UNI | J10: VALOR TOTAL
C11: Estantillos y mano de obra | D11: 450 | E11: 30000 | F11: =D11*E11 -> 13500000 | G11: Alambre de cerca Calibre 14 x Rollo x 1000 Metros Puma | H11: 12 | I11: 230000 | J11: =H11*I11 -> 2760000 | K11: 2231 | L11: Más alambre para corredor | O11: =K11/7 -> 318.71429
G12: Aislador Pera bolsa*25 Marca Súper Fox | H12: 6 | I12: 35000 | J12: =H12*I12 -> 210000
F13: =D13*E13 -> 0 | G13: Tensor pequeño 500 metros punto rojo | H13: 80 | I13: 5000 | J13: =H13*I13 -> 400000 | N13: =K11*5 -> 11155
F14: =D14*E14 -> 0 | G14: Alambre aislador rollo*50 Súper Fox | H14: 2 | I14: 60000 | J14: =H14*I14 -> 120000 | L14: 221
G15: Aisldor Puntila bolsa x 100 unidades | H15: 14 | I15: 38000 | J15: =H15*I15 -> 532000 | L15: 192
G16: Puntilla de 3" | H16: 14 | I16: 6000 | J16: =H16*I16 -> 84000 | L16: 110
G17: =General!A40 -> Bateria Solar 55 AMP | H17: 1 | I17: 600000 | J17: =H17*I17 -> 600000 | L17: 100
G18: Panel solar de 55-60 AMP | H18: 1 | I18: 219000 | J18: =H18*I18 -> 219000 | L18: 393
G19: Regulador 10 AMP/12V | H19: 1 | I19: 110000 | J19: =H19*I19 -> 110000 | L19: 181
G20: Impulsor 50 km 12V Superfox | H20: 1 | I20: 450000 | J20: =H20*I20 -> 450000 | L20: 188
B21: SUBTOTAL | F21: =SUM(F11:F20) -> 13500000 | G21: SUBTOTAL | J21: =SUM(J11:J20) -> 5485000 | L21: 140
L22: 133
B23: ACTIVIDAD # 2. Implementación de 1000 metros de acueducto ganadero | L23: 130
B24: SUB ACTIVIDAD | C24: APORTE DE LA FAMILIA | G24: APORTE DEL PROYECTO | L24: 120
C25: ARTICULO | D25: CANTIDAD | E25: VALOR UNI | F25: VALOR TOTAL | G25: ARTICULO | H25: CANTIDAD | I25: VALOR UNI | J25: VALOR TOTAL | L25: 153
B26: Adecuación de acueducto ganader | C26: Torre para tanque | D26: 1 | E26: 2000000 | F26: =D26*E26 -> 2000000 | G26: Tanque Plástico 2000 Litros Alto con tapa x Unidad Proco | H26: 1 | I26: 1088000 | J26: =H26*I26 -> 1088000 | L26: 170
C27: Mano de obra | D27: 15 | E27: 90000 | F27: =D27*E27 -> 1350000 | G27: Tubo PVC 1 pulgada x 6m presion | H27: 1 | I27: 35000 | J27: =H27*I27 -> 35000 | L27: =SUM(L14:L26) -> 2231
G28: Tubo PVC 1 1/2" pulgada x 6m presion | H28: 2 | I28: 45000 | J28: =H28*I28 -> 90000
C29: Árboles de ceiba | D29: 10 | E29: 3000 | F29: =D29*E29 -> 30000 | G29: T Lisa de PVC de 1" | H29: 1 | I29: 1333 | J29: =H29*I29 -> 1333
C30: Aljibe | D30: 1 | E30: 300000 | F30: =D30*E30 -> 300000 | G30: Llave de paso de PVC 1" | H30: 2 | I30: 32000 | J30: =H30*I30 -> 64000
G31: Llave de paso de PVC 1 1/2" | H31: 1 | I31: 40000 | J31: =H31*I31 -> 40000
F32: =D32*E32 -> 0 | G32: Unión universal de 1" | H32: 1 | I32: 11000 | J32: =H32*I32 -> 11000
G33: Unión universal de 1 1/2"" | H33: 2 | I33: 13000 | J33: =H33*I33 -> 26000
G34: Unión PVC de 1 1/2" | H34: 3 | I34: 5900 | J34: =H34*I34 -> 17700
F35: =D35*E35 -> 0 | G35: Codo PVC de 1" | H35: 2 | I35: 2000 | J35: =H35*I35 -> 4000
G36: Codo PVC de 1 1/2" | H36: 5 | I36: 5000 | J36: =H36*I36 -> 25000
F37: =D37*E37 -> 0 | G37: Reducción de PVC de 1" a 3/4" | H37: 2 | I37: 1333 | J37: =H37*I37 -> 2666
F38: =D38*E38 -> 0 | G38: Inserto 3/4" de manguera a tubo x unidad | H38: 15 | I38: 4000 | J38: =H38*I38 -> 60000
G39: T para manguera de 3/4" | H39: 3 | I39: 3000 | J39: =H39*I39 -> 9000
G40: Inserto 1/2" de manguera a tubo x unidad | H40: 6 | I40: 2000 | J40: =H40*I40 -> 12000
G41: Inserto de PVC de 1" ½" | H41: 3
F42: =D42*E42 -> 0 | G42: Manguera PP 3/4x100 C40 Peletizada Rollo x 100 Metros | H42: 10 | I42: 146667 | J42: =H42*I42 -> 1466670
G43: Manguera PP 1 1/2"x100 C40 Peletizada Rollo x 100 Metros | H43: 1 | I43: 200000 | J43: =H43*I43 -> 200000
F44: =D44*E44 -> 0 | G44: T 3/4" salida rosca presion x unidad | H44: 5 | I44: 2000 | J44: =H44*I44 -> 10000
F45: =D45*E45 -> 0 | G45: Codo PVC de 3/4" con rosca | H45: 4 | I45: 1333 | J45: =H45*I45 -> 5332
F46: =D46*E46 -> 0 | G46: Hidrantes de 3/4" | H46: 7 | I46: 38000 | J46: =H46*I46 -> 266000
F47: =D47*E47 -> 0 | G47: unión de manguera 3/4" | H47: 5 | I47: 2700 | J47: =H47*I47 -> 13500
G48: Unión de manguera 1 1/2" | H48: 1 | I48: 2700 | J48: =H48*I48 -> 2700
F49: =D49*E49 -> 0 | G49: bayoneta de 1/2" | H49: 2 | I49: 16000 | J49: =H49*I49 -> 32000 | L49: 130
G50: Adaptador hembra de 1/2" | H50: 4 | I50: 533 | J50: =H50*I50 -> 2132
G51: Adaptador macho de 1/2" | H51: 4 | I51: 533 | J51: =H51*I51 -> 2132
G52: Adaptador macho de 1 1/2" | H52: 1 | I52: 5000 | J52: =H52*I52 -> 5000
G53: Adaptador macho de 1 1/4" | H53: 1 | I53: 5000 | J53: =H53*I53 -> 5000
G54: Reducción de PVC de 1 1/2" a 1 1/4" | H54: 1 | I54: 3000 | J54: =H54*I54 -> 3000
G55: Empaque de 1/2" en llanta | H55: 4 | I55: 3000 | J55: =H55*I55 -> 12000
F56: =D56*E56 -> 0 | G56: Manguera Bicolor de 1/2" x metro | H56: 10 | I56: 5333 | J56: =H56*I56 -> 53330
G57: Caneca de 55 galones sellada | H57: 1 | I57: 160000 | J57: =H57*I57 -> 160000
G58: Florador de 1/2" en bronce con varilla y bola | H58: 2 | I58: 53333 | J58: =H58*I58 -> 106666
G59: Kit Electrobomba Solar Kolosal de 80 de cabeza 2 paneles 600 WATT | H59: 1 | I59: 3633300 | J59: =H59*I59 -> 3633300
G60: Cable encuechetado 12x3 | H60: 20 | I60: 20000 | J60: =H60*I60 -> 400000
B61: SUBTOTAL | F61: =SUM(F26:F57) -> 3680000 | G61: SUBTOTAL | J61: =SUM(J26:J60) -> 7864461
B63: ACTIVIDAD # 3. Implementación de 2.300 metros de cerca viva para sombrió en potrero y 270 metros de orilla de nacimiento
B64: SUB ACTIVIDAD | C64: APORTE DE LA FAMILIA | G64: APORTE DEL PROYECTO
C65: ARTICULO | D65: CANTIDAD | E65: VALOR UNI | F65: VALOR TOTAL | G65: ARTICULO | H65: CANTIDAD | I65: VALOR UNI | J65: VALOR TOTAL
G66: Árboles de marfil | H66: 267 | I66: 1500 | J66: =H66*I66 -> 400500 | L66: =2300/3 -> 766.66667
C67: Mano de obra | D67: 10 | E67: 90000 | F67: =D67*E67 -> 900000 | G67: Árboles de ahumado chipo | H67: 267 | I67: 1500 | J67: =H67*I67 -> 400500
F68: =D68*E68 -> 0 | G68: Árbol de la zona | H68: 267 | I68: 1500 | J68: =H68*I68 -> 400500
I69: 1500 | J69: =H69*I69 -> 0
J74: =H74*I74 -> 0
J75: =H75*I75 -> 0
J76: =H76*I76 -> 0
B77: SUBTOTAL | F77: =SUM(F67:F76) -> 900000 | G77: SUBTOTAL | J77: =SUM(J66:J76) -> 1201500
B79: ACTIVIDAD # 4. Implementación de 1 hectáreas de SAF con frutales y pan coger
B80: SUB ACTIVIDAD | C80: APORTE DE LA FAMILIA | G80: APORTE DEL PROYECTO
C81: ARTICULO | D81: CANTIDAD | E81: VALOR UNI | F81: VALOR TOTAL | G81: ARTICULO | H81: CANTIDAD | I81: VALOR UNI | J81: VALOR TOTAL
C82: Colinos de plátano | D82: 200 | E82: 5000 | F82: =D82*E82 -> 1000000 | G82: Árboles de limon Taihti | H82: 5 | I82: 15000 | J82: =H82*I82 -> 75000
C83: Piña | D83: 30 | E83: 2000 | F83: =D83*E83 -> 60000 | G83: Árboles de naraja valencia | H83: 10 | I83: 15000 | J83: =H83*I83 -> 150000
C84: Yuca | D84: 100 | E84: 1000 | F84: =D84*E84 -> 100000 | G84: Árboles de mango tomy | H84: 5 | I84: 15000 | J84: =H84*I84 -> 75000
A85: 540 | E85: 5000 | F85: =D85*E85 -> 0 | G85: Árboles de aguacate lorena | H85: 10 | I85: 15000 | J85: =H85*I85 -> 150000
F86: =D86*E86 -> 0 | G86: Árboles de castaño | H86: 10 | I86: 15000 | J86: =H86*I86 -> 150000
F87: =D87*E87 -> 0 | G87: Árboles de Sapote | H87: 5 | I87: 8000 | J87: =H87*I87 -> 40000
F88: =D88*E88 -> 0 | G88: Árboles de copoazú | H88: 10 | I88: 8000 | J88: =H87*I88 -> 40000
F89: =D89*E89 -> 0 | G89: Árboles de araza | H89: 10 | I89: 8000 | J89: =H88*I89 -> 80000
F90: =D90*E90 -> 0 | G90: Palmas de chontaduro | H90: 10 | I90: 8000 | J90: =H89*I90 -> 80000
F91: =D91*E91 -> 0 | G91: Árboles de borojo | H91: 15 | I91: 5000 | J91: =H90*I91 -> 50000
F95: =D95*E95 -> 0
F96: =D96*E96 -> 0 | G96: Caneca de 55 galones con tapa | H96: 1 | I96: 194000 | J96: =H96*I96 -> 194000
F97: =D97*E97 -> 0 | G97: Sulfato de magnesio x Kilo | H97: 2 | I97: 8667 | J97: =H97*I97 -> 17334
F98: =D98*E98 -> 0 | G98: Sulfato de Zinc x Kilo | H98: 2 | I98: 13333 | J98: =H98*I98 -> 26666
F99: =D99*E99 -> 0 | G99: Sulfato de Cobre x Kilo | H99: 1 | I99: 42667 | J99: =H99*I99 -> 42667
F100: =D100*E100 -> 0 | G100: Sulfato de Potasio x kilo | H100: 1 | I100: 13333 | J100: =H100*I100 -> 13333
F101: =D101*E101 -> 0 | G101: Sulfato de Azufre x kilo | H101: 1 | I101: 7333 | J101: =H101*I101 -> 7333
F102: =D102*E102 -> 0 | G102: Sulfato de Manganeso x 300 gramos | H102: 1 | I102: 12000 | J102: =H102*I102 -> 12000
F103: =D103*E103 -> 0 | G103: Sulfato de Calcio x kilo | H103: 2 | I103: 7333 | J103: =H103*I103 -> 14666 | L103: 29
F104: =D104*E104 -> 0 | G104: Sulfato de Borax X kg | H104: 2 | I104: 18000 | J104: =H104*I104 -> 36000
G105: Sulfato de molibdeno x 100 gr | H105: 1 | I105: 70000 | J105: =H105*I105 -> 70000
G106: Cloruro de cobalto x 100 gr | H106: 1 | I106: 70000 | J106: =H106*I106 -> 70000
G107: Sulfato de fosforo x 500 gr | H107: 1 | I107: 12000 | J107: =H107*I107 -> 12000
C108: Mano de obra | D108: 5 | E108: 5000 | G108: Levadura x libra | H108: 2 | I108: 16000 | J108: =H108*I108 -> 32000
G109: Miel de purga x 30 kilos | H109: 1 | I109: 40000 | J109: =H109*I109 -> 40000
G110: Cal 40 x litro | H110: 3 | I110: 42000 | J110: =H110*I110 -> 126000
G111: serrucho curvo para poda | H111: 1 | I111: 40000 | J111: =H111*I111 -> 40000
G112: Desgarretadora aerea | H112: 1 | I112: 80000 | J112: =H112*I112 -> 80000
G113: Tijera de podar N° 9 | H113: 1 | I113: 70000 | J113: =H113*I113 -> 70000
G114: Micorriza x bulto | H114: 2 | I114: 40000 | J114: =H114*I114 -> 80000
G115: Tricalcio bulto x 50 kilos | H115: 2 | I115: 50000 | J115: =H115*I115 -> 100000
...

Sheet Ivan_Ibarra
B7: ACTIVIDADES DE INVERSION FAMILIA: _Ivan Ibarra
B8: ACTIVIDAD # 1. Implementación de 26 hectáreas de sistema silvopastoril de 8 potreros se sacan 26 potreros de 1 hectareas
B9: SUB ACTIVIDAD | C9: APORTE DE LA FAMILIA | G9: APORTE DEL PROYECTO
C10: ARTICULO | D10: CANTIDAD | E10: VALOR UNI | F10: VALOR TOTAL | G10: ARTICULO | H10: CANTIDAD | I10: VALOR UNI | J10: VALOR TOTAL
C11: Estantillos y mano de obra | D11: =613+192 -> 805 | E11: 30000 | F11: =D11*E11 -> 24150000 | G11: Alambre de cerca Calibre 14 x Rollo x 1000 Metros Puma | H11: 14 | I11: 270000 | J11: =H11*I11 -> 3780000 | K11: =L30 -> 4294 | L11: Más alambre para corredor | O11: =K11/7 -> 613.42857
G12: Aislador Pera bolsa*25 Marca Súper Fox | H12: 3 | I12: 35000 | J12: =H12*I12 -> 105000
F13: =D13*E13 -> 0 | G13: Tensor pequeño 500 metros punto rojo | H13: 40 | I13: 5000 | J13: =H13*I13 -> 200000 | N13: =K11*2 -> 8588
F14: =D14*E14 -> 0 | G14: Alambre aislador rollo*50 Súper Fox | H14: 2 | I14: 60000 | J14: =H14*I14 -> 120000 | L14: 500
F15: =D15*E15 -> 0 | G15: Aisldor Puntila bolsa x 100 unidades | H15: 13 | I15: 38000 | J15: =H15*I15 -> 494000 | L15: 556
C16: Panel Solar 200WAT x Unidad | D16: 1 | E16: 586300 | F16: =D16*E16 -> 586300 | G16: Puntilla de 3" | H16: 13 | I16: 6000 | J16: =H16*I16 -> 78000 | L16: 560
F17: =D17*E17 -> 0 | G17: Bateria solar grande green point GELL (150 AMP) | H17: 1 | I17: 1250000 | J17: =H17*I17 -> 1250000 | L17: 383
F18: =D18*E18 -> 0 | G18: Regulador 30 AMP/12V | H18: 1 | I18: 150000 | J18: =H18*I18 -> 150000 | L18: 90 | N18: =2300/12 -> 191.66667
F19: =D19*E19 -> 0 | G19: Impulsor 50 km 12V Superfox | H19: 1 | I19: 450000 | J19: =H19*I19 -> 450000 | L19: 110
B20: SUBTOTAL | F20: =SUM(F11:F19) -> 24736300 | G20: SUBTOTAL | J20: =SUM(J11:J19) -> 6627000 | L20: 147
L21: 130
B22: ACTIVIDAD # 2. Implementación de 1000 metros de acueducto ganadero | L22: 145
B23: SUB ACTIVIDAD | C23: APORTE DE LA FAMILIA | G23: APORTE DEL PROYECTO | L23: 158
C24: ARTICULO | D24: CANTIDAD | E24: VALOR UNI | F24: VALOR TOTAL | G24: ARTICULO | H24: CANTIDAD | I24: VALOR UNI | J24: VALOR TOTAL | L24: 170
B25: Adecuación de acueducto ganader | C25: Torre para tanque | D25: 1 | E25: 2000000 | F25: =D25*E25 -> 2000000 | G25: Tanque Plástico 2000 Litros Alto con tapa x Unidad Proco | H25: 1 | I25: 1088000 | J25: =H25*I25 -> 1088000 | L25: 180
C26: Mano de obra | D26: 15 | E26: 90000 | F26: =D26*E26 -> 1350000 | G26: Tubo PVC 1 pulgada x 6m presion | H26: 1 | I26: 35000 | J26: =H26*I26 -> 35000 | L26: 170
G27: Tubo PVC 1 1/2" pulgada x 6m presion | H27: 2 | I27: 45000 | J27: =H27*I27 -> 90000 | L27: 160
C28: Árboles de ceiba | D28: 10 | E28: 3000 | F28: =D28*E28 -> 30000 | G28: T Lisa de PVC de 1" | H28: 1 | I28: 1333 | J28: =H28*I28 -> 1333 | L28: 555
C29: Aljibe | D29: 1 | E29: 300000 | F29: =D29*E29 -> 300000 | G29: Llave de paso de PVC 1" | H29: 2 | I29: 32000 | J29: =H29*I29 -> 64000 | L29: 280
G30: Llave de paso de PVC 1 1/2" | H30: 1 | I30: 40000 | J30: =H30*I30 -> 40000 | L30: =SUM(L14:L29) -> 4294
F31: =D31*E31 -> 0 | G31: Unión universal de 1" | H31: 1 | I31: 11000 | J31: =H31*I31 -> 11000
G32: Unión universal de 1 1/2"" | H32: 3 | I32: 13000 | J32: =H32*I32 -> 39000
G33: Unión PVC de 1 1/2" | H33: 3 | I33: 5900 | J33: =H33*I33 -> 17700
F34: =D34*E34 -> 0 | G34: Codo PVC de 1" | H34: 2 | I34: 2000 | J34: =H34*I34 -> 4000
G35: Codo PVC de 1 1/2" | H35: 5 | I35: 5000 | J35: =H35*I35 -> 25000
F36: =D36*E36 -> 0 | G36: Reducción de PVC de 1" a 3/4" | H36: 2 | I36: 1333 | J36: =H36*I36 -> 2666
F37: =D37*E37 -> 0 | G37: Inserto 3/4" de manguera a tubo x unidad | H37: 15 | I37: 4000 | J37: =H37*I37 -> 60000
G38: T para manguera de 3/4" | H38: 8 | I38: 3000 | J38: =H38*I38 -> 24000
G39: Inserto 1/2" de manguera a tubo x unidad | H39: 6 | I39: 2000 | J39: =H39*I39 -> 12000
G40: Inserto de PVC de 1" ½" | H40: 3 | I40: 3000 | J40: =H40*I40 -> 9000
F41: =D41*E41 -> 0 | G41: Manguera PP 3/4x100 C40 Peletizada Rollo x 100 Metros | H41: 10 | I41: 146667 | J41: =H41*I41 -> 1466670
G42: Manguera PP 1 1/2"x100 C40 Peletizada Rollo x 100 Metros | H42: 3 | I42: 200000 | J42: =H42*I42 -> 600000
F43: =D43*E43 -> 0 | G43: T 3/4" salida rosca presion x unidad | H43: 5 | I43: 2000 | J43: =H43*I43 -> 10000
F44: =D44*E44 -> 0 | G44: Codo PVC de 3/4" con rosca | H44: 4 | I44: 1333 | J44: =H44*I44 -> 5332
F45: =D45*E45 -> 0 | G45: Hidrantes de 3/4" | H45: 16 | I45: 38000 | J45: =H45*I45 -> 608000
F46: =D46*E46 -> 0 | G46: unión de manguera 3/4" | H46: 5 | I46: 2700 | J46: =H46*I46 -> 13500
G47: Unión de manguera 1 1/2" | H47: 2 | I47: 2700 | J47: =H47*I47 -> 5400
F48: =D48*E48 -> 0 | G48: bayoneta de 1/2" | H48: 2 | I48: 16000 | J48: =H48*I48 -> 32000 | L48: 130
G49: Adaptador hembra de 1/2" | H49: 4 | I49: 533 | J49: =H49*I49 -> 2132
G50: Adaptador macho de 1/2" | H50: 4 | I50: 533 | J50: =H50*I50 -> 2132
G51: Adaptador macho de 1 1/2" | H51: 1 | I51: 5000 | J51: =H51*I51 -> 5000
G52: Adaptador macho de 1 1/4" | H52: 1 | I52: 5000 | J52: =H52*I52 -> 5000
G53: Reducción de PVC de 1 1/2" a 1 1/4" | H53: 1 | I53: 3000 | J53: =H53*I53 -> 3000
G54: Empaque de 1/2" en llanta | H54: 4 | I54: 3000 | J54: =H54*I54 -> 12000
F55: =D55*E55 -> 0 | G55: Manguera Bicolor de 1/2" x metro | H55: 10 | I55: 5333 | J55: =H55*I55 -> 53330
G56: Caneca de 55 galones sellada | H56: 1 | I56: 160000 | J56: =H56*I56 -> 160000
G57: Florador de 1/2" en bronce con varilla y bola | H57: 2 | I57: 53333 | J57: =H57*I57 -> 106666
G58: Kit Electrobomba Solar Kolosal de 80 de cabeza 2 paneles 600 WATT | H58: 1 | I58: 3633300 | J58: =H58*I58 -> 3633300
G59: Cable encuechetado 12x3 | H59: 20 | I59: 20000 | J59: =H59*I59 -> 400000
B60: SUBTOTAL | F60: =SUM(F25:F56) -> 3680000 | G60: SUBTOTAL | J60: =SUM(J25:J59) -> 8646161
B62: ACTIVIDAD # 3. Implementación de 2.300 metros de cerca viva para sombrió en potrero y 270 metros de orilla de nacimiento
B63: SUB ACTIVIDAD | C63: APORTE DE LA FAMILIA | G63: APORTE DEL PROYECTO
C64: ARTICULO | D64: CANTIDAD | E64: VALOR UNI | F64: VALOR TOTAL | G64: ARTICULO | H64: CANTIDAD | I64: VALOR UNI | J64: VALOR TOTAL
G65: Árboles de marfil | H65: 86 | I65: 1500 | J65: =H65*I65 -> 129000 | L65: =2300/3 -> 766.66667
C66: Mano de obra | D66: 10 | E66: 90000 | F66: =D66*E66 -> 900000 | G66: Árboles de ahumado chipo | H66: 86 | I66: 1500 | J66: =H66*I66 -> 129000 | N66: =767/9 -> 85.222222
F67: =D67*E67 -> 0 | G67: Árbol de ahumado muchilero | H67: 86 | I67: 1500 | J67: =H67*I67 -> 129000
G68: Arbol de marañon | H68: 86 | I68: 1500 | J68: =H68*I68 -> 129000 | N68: =2300/3 -> 766.66667
G69: Arbol de laurel | H69: 86 | I69: 1500 | J69: =H69*I69 -> 129000
G70: Arbol de yopo | H70: 86 | I70: 1500 | J70: =H70*I70 -> 129000
G71: Palma de asai | H71: 86 | I71: 1500 | J71: =H71*I71 -> 129000
G72: Arbol de guamo | H72: 86 | I72: 1500 | J72: =H72*I72 -> 129000
G73: Palma de canangucha | H73: 86 | I73: 1500 | J73: =H73*I73 -> 129000
J74: =H74*I74 -> 0
J75: =H75*I75 -> 0
B76: SUBTOTAL | F76: =SUM(F66:F75) -> 900000 | G76: SUBTOTAL | J76: =SUM(J65:J75) -> 1161000
B78: ACTIVIDAD # 4. Implementación de 1 hectáreas de SAF con frutales y pan coger
B79: SUB ACTIVIDAD | C79: APORTE DE LA FAMILIA | G79: APORTE DEL PROYECTO
C80: ARTICULO | D80: CANTIDAD | E80: VALOR UNI | F80: VALOR TOTAL | G80: ARTICULO | H80: CANTIDAD | I80: VALOR UNI | J80: VALOR TOTAL
C81: Colinos de plátano | D81: 100 | E81: 5000 | F81: =D81*E81 -> 500000 | G81: Árboles de limon Taihti | H81: 5 | I81: 15000 | J81: =H81*I81 -> 75000
C82: Piña | D82: 30 | E82: 2000 | F82: =D82*E82 -> 60000 | G82: Árboles de naraja valencia | H82: 10 | I82: 15000 | J82: =H82*I82 -> 150000
C83: Yuca | D83: 200 | E83: 1000 | F83: =D83*E83 -> 200000 | G83: Árboles de mango tomy | H83: 5 | I83: 15000 | J83: =H83*I83 -> 75000
A84: 540 | C84: bore | D84: 20 | E84: 5000 | F84: =D84*E84 -> 100000 | G84: Árboles de aguacate lorena | H84: 10 | I84: 15000 | J84: =H84*I84 -> 150000
C85: caña | D85: 100 | E85: 1000 | F85: =D85*E85 -> 100000 | G85: Árboles de castaño | H85: 10 | I85: 15000 | J85: =H85*I85 -> 150000
F86: =D86*E86 -> 0 | G86: Árboles de Sapote | H86: 5 | I86: 8000 | J86: =H86*I86 -> 40000
F87: =D87*E87 -> 0 | G87: Árboles de copoazú | H87: 10 | I87: 8000 | J87: =H86*I87 -> 40000
F88: =D88*E88 -> 0 | G88: Árboles de araza | H88: 10 | I88: 8000 | J88: =H87*I88 -> 80000
F89: =D89*E89 -> 0 | G89: Palmas de chontaduro | H89: 10 | I89: 8000 | J89: =H88*I89 -> 80000
F90: =D90*E90 -> 0 | G90: Árboles de borojo | H90: 15 | I90: 5000 | J90: =H89*I90 -> 50000
F91: =D91*E91 -> 0
F92: =D92*E92 -> 0 | G92: Caneca de 55 galones con tapa | H92: 1 | I92: 194000 | J92: =H92*I92 -> 194000
F93: =D93*E93 -> 0 | G93: Sulfato de magnesio x Kilo | H93: 2 | I93: 8667 | J93: =H93*I93 -> 17334
F94: =D94*E94 -> 0 | G94: Sulfato de Zinc x Kilo | H94: 2 | I94: 13333 | J94: =H94*I94 -> 26666
F95: =D95*E95 -> 0 | G95: Sulfato de Cobre x Kilo | H95: 1 | I95: 42667 | J95: =H95*I95 -> 42667
F96: =D96*E96 -> 0 | G96: Sulfato de Potasio x kilo | H96: 1 | I96: 13333 | J96: =H96*I96 -> 13333
F97: =D97*E97 -> 0 | G97: Sulfato de Azufre x kilo | H97: 1 | I97: 7333 | J97: =H97*I97 -> 7333
F98: =D98*E98 -> 0 | G98: Sulfato de Manganeso x 300 gramos | H98: 1 | I98: 12000 | J98: =H98*I98 -> 12000
F99: =D99*E99 -> 0 | G99: Sulfato de Calcio x kilo | H99: 2 | I99: 7333 | J99: =H99*I99 -> 14666 | L99: 29
F100: =D100*E100 -> 0 | G100: Sulfato de Borax X kg | H100: 2 | I100: 18000 | J100: =H100*I100 -> 36000
G101: Sulfato de molibdeno x 100 gr | H101: 1 | I101: 70000 | J101: =H101*I101 -> 70000
G102: Cloruro de cobalto x 100 gr | H102: 1 | I102: 70000 | J102: =H102*I102 -> 70000
G103: Sulfato de fosforo x 500 gr | H103: 1 | I103: 12000 | J103: =H103*I103 -> 12000
C104: Mano de obra | D104: 5 | E104: 5000 | G104: Levadura x libra | H104: 2 | I104: 16000 | J104: =H104*I104 -> 32000
G105: Miel de purga x 30 kilos | H105: 1 | I105: 40000 | J105: =H105*I105 -> 40000
G106: Cal 40 x litro | H106: 3 | I106: 42000 | J106: =H106*I106 -> 126000
G107: serrucho curvo para poda | H107: 1 | I107: 40000 | J107: =H107*I107 -> 40000
G108: Desgarretadora aerea | H108: 1 | I108: 80000 | J108: =H108*I108 -> 80000
...

Sheet Luis_Eduardo_Gomez
B7: ACTIVIDADES DE INVERSION FAMILIA: _Luis Eduardo Gomez
B8: ACTIVIDAD # 1. Implementación de 19 hectáreas de sistema silvopastoril de 7 potreros se sacan 20 potreros de 0,5 hectareas
B9: SUB ACTIVIDAD | C9: APORTE DE LA FAMILIA | G9: APORTE DEL PROYECTO
C10: ARTICULO | D10: CANTIDAD | E10: VALOR UNI | F10: VALOR TOTAL | G10: ARTICULO | H10: CANTIDAD | I10: VALOR UNI | J10: VALOR TOTAL
C11: Estantillos y mano de obra | D11: =376+180 -> 556 | E11: 30000 | F11: =D11*E11 -> 16680000 | G11: Alambre de cerca Calibre 14 x Rollo x 1000 Metros Puma | H11: 12 | I11: 270000 | J11: =H11*I11 -> 3240000 | K11: 2627 | L11: Más alambre para corredor | O11: =K11/7 -> 375.28571
G12: Aislador Pera bolsa*25 Marca Súper Fox | H12: 5 | I12: 35000 | J12: =H12*I12 -> 175000
F13: =D13*E13 -> 0 | G13: Tensor pequeño 500 metros punto rojo | H13: 60 | I13: 5000 | J13: =H13*I13 -> 300000 | N13: =K11*3 -> 7881
F14: =D14*E14 -> 0 | G14: Alambre aislador rollo*50 Súper Fox | H14: 2 | I14: 60000 | J14: =H14*I14 -> 120000 | L14: 197 | N14: =K11-838 -> 1789 | P14: =D11*3 -> 1668
F15: =D15*E15 -> 0 | G15: Aisldor Puntila bolsa x 100 unidades | H15: 17 | I15: 38000 | J15: =H15*I15 -> 646000 | L15: 119
F16: =D16*E16 -> 0 | G16: Puntilla de 3" | H16: 17 | I16: 6000 | J16: =H16*I16 -> 102000 | L16: 212 | N16: =1800*2 -> 3600
F17: =D17*E17 -> 0 | L17: 136
F18: =D18*E18 -> 0 | L18: 354
B19: SUBTOTAL | F19: =SUM(F11:F18) -> 16680000 | G19: SUBTOTAL | J19: =SUM(J11:J18) -> 4583000 | L19: 137
L20: 182
B21: ACTIVIDAD # 2. Implementación de 1000 metros de acueducto ganadero | L21: 134
B22: SUB ACTIVIDAD | C22: APORTE DE LA FAMILIA | G22: APORTE DEL PROYECTO | L22: 638 | M22: Corredor
C23: ARTICULO | D23: CANTIDAD | E23: VALOR UNI | F23: VALOR TOTAL | G23: ARTICULO | H23: CANTIDAD | I23: VALOR UNI | J23: VALOR TOTAL | L23: 200
B24: Adecuación de acueducto ganader | C24: Torre para tanque | D24: 1 | E24: 2000000 | F24: =D24*E24 -> 2000000 | G24: Tanque Plástico 2000 Litros Alto con tapa x Unidad Proco | H24: 1 | I24: 1088000 | J24: =H24*I24 -> 1088000
C25: Mano de obra | D25: 15 | E25: 90000 | F25: =D25*E25 -> 1350000 | G25: Tubo PVC 1 pulgada x 6m presion | H25: 2 | I25: 35000 | J25: =H25*I25 -> 70000
G26: Tubo PVC 1 1/2" pulgada x 6m presion | H26: 2 | I26: 45000 | J26: =H26*I26 -> 90000
F27: =D27*E27 -> 0 | G27: T Lisa de PVC de 1" | H27: 1 | I27: 1333 | J27: =H27*I27 -> 1333
C28: Aljibe | D28: 1 | E28: 300000 | F28: =D28*E28 -> 300000 | G28: Llave de paso de PVC 1" | H28: 2 | I28: 32000 | J28: =H28*I28 -> 64000
G29: Llave de paso de PVC 1 1/2" | H29: 1 | I29: 40000 | J29: =H29*I29 -> 40000 | L29: =SUM(L14:L28) -> 2309
F30: =D30*E30 -> 0 | G30: Unión universal de 1" | H30: 1 | I30: 11000 | J30: =H30*I30 -> 11000
G31: Unión universal de 1 1/2"" | H31: 2 | I31: 13000 | J31: =H31*I31 -> 26000
G32: Unión PVC de 1 1/2" | H32: 3 | I32: 5900 | J32: =H32*I32 -> 17700
F33: =D33*E33 -> 0 | G33: Codo PVC de 1" | H33: 2 | I33: 2000 | J33: =H33*I33 -> 4000
G34: Codo PVC de 1 1/2" | H34: 5 | I34: 5000 | J34: =H34*I34 -> 25000
F35: =D35*E35 -> 0 | G35: Reducción de PVC de 1" a 3/4" | H35: 2 | I35: 1333 | J35: =H35*I35 -> 2666
F36: =D36*E36 -> 0 | G36: Inserto 3/4" de manguera a tubo x unidad | H36: 20 | I36: 4000 | J36: =H36*I36 -> 80000
G37: T para manguera de 3/4" | H37: 3 | I37: 3000 | J37: =H37*I37 -> 9000
G38: Inserto 1/2" de manguera a tubo x unidad | H38: 6 | I38: 2000 | J38: =H38*I38 -> 12000
G39: Inserto de PVC de 1" ½" | H39: 3
F40: =D40*E40 -> 0 | G40: Manguera PP 3/4x100 C40 Peletizada Rollo x 100 Metros | H40: 12 | I40: 146667 | J40: =H40*I40 -> 1760004
G41: Manguera PP 1 1/2"x100 C40 Peletizada Rollo x 100 Metros | H41: 2 | I41: 200000 | J41: =H41*I41 -> 400000
F42: =D42*E42 -> 0 | G42: T 3/4" salida rosca presion x unidad | H42: 7 | I42: 2000 | J42: =H42*I42 -> 14000
F43: =D43*E43 -> 0 | G43: Codo PVC de 3/4" con rosca | H43: 4 | I43: 1333 | J43: =H43*I43 -> 5332
F44: =D44*E44 -> 0 | G44: Hidrantes de 3/4" | H44: 8 | I44: 38000 | J44: =H44*I44 -> 304000
F45: =D45*E45 -> 0 | G45: unión de manguera 3/4" | H45: 11 | I45: 2700 | J45: =H45*I45 -> 29700
G46: Unión de manguera 1 1/2" | H46: 1 | I46: 2700 | J46: =H46*I46 -> 2700
F47: =D47*E47 -> 0 | G47: bayoneta de 1/2" | H47: 2 | I47: 16000 | J47: =H47*I47 -> 32000 | L47: 130
G48: Adaptador hembra de 1/2" | H48: 4 | I48: 533 | J48: =H48*I48 -> 2132
G49: Adaptador macho de 1/2" | H49: 4 | I49: 533 | J49: =H49*I49 -> 2132
G50: Adaptador macho de 1 1/2" | H50: 1 | I50: 5000 | J50: =H50*I50 -> 5000
G51: Adaptador macho de 1 1/4" | H51: 1 | I51: 5000 | J51: =H51*I51 -> 5000
G52: Reducción de PVC de 1 1/2" a 1 1/4" | H52: 1 | I52: 3000 | J52: =H52*I52 -> 3000
G53: Empaque de 1/2" en llanta | H53: 4 | I53: 3000 | J53: =H53*I53 -> 12000
F54: =D54*E54 -> 0 | G54: Manguera Bicolor de 1/2" x metro | H54: 10 | I54: 5333 | J54: =H54*I54 -> 53330
G55: Caneca de 55 galones sellada | H55: 1 | I55: 160000 | J55: =H55*I55 -> 160000
G56: Florador de 1/2" en bronce con varilla y bola | H56: 2 | I56: 53333 | J56: =H56*I56 -> 106666
G57: Kit Electrobomba Solar Kolosal de 80 de cabeza 2 paneles 600 WATT | H57: 1 | I57: 3633300 | J57: =H57*I57 -> 3633300
G58: Cable encuechetado 12x3 | H58: 20 | I58: 20000 | J58: =H58*I58 -> 400000
B59: SUBTOTAL | F59: =SUM(F24:F55) -> 3650000 | G59: SUBTOTAL | J59: =SUM(J24:J58) -> 8470995
B61: ACTIVIDAD # 3. Implementación de 1.800 metros de cerca viva para sombrió en potrero y 270 metros de orilla de nacimiento
B62: SUB ACTIVIDAD | C62: APORTE DE LA FAMILIA | G62: APORTE DEL PROYECTO
C63: ARTICULO | D63: CANTIDAD | E63: VALOR UNI | F63: VALOR TOTAL | G63: ARTICULO | H63: CANTIDAD | I63: VALOR UNI | J63: VALOR TOTAL
G64: Árboles de marfil | H64: =700/4 -> 175 | I64: 1500 | J64: =H64*I64 -> 262500 | L64: =2300/3 -> 766.66667
C65: Mano de obra | D65: 10 | E65: 90000 | F65: =D65*E65 -> 900000 | G65: Árboles de ahumado chipo | H65: =700/4 -> 175 | I65: 1500 | J65: =H65*I65 -> 262500
F66: =D66*E66 -> 0 | G66: Árbol de yopo | H66: =700/4 -> 175 | I66: 1500 | J66: =H66*I66 -> 262500
G67: Árboles de ahumado pajarito | H67: =700/4 -> 175 | I67: 1500 | J67: =H67*I67 -> 262500
L68: =1800/3 -> 600
J72: =H72*I72 -> 0
J73: =H73*I73 -> 0
J74: =H74*I74 -> 0
B75: SUBTOTAL | F75: =SUM(F65:F74) -> 900000 | G75: SUBTOTAL | J75: =SUM(J64:J74) -> 1050000
B77: ACTIVIDAD # 4. Implementación de 1 hectáreas de SAF con frutales y pan coger
B78: SUB ACTIVIDAD | C78: APORTE DE LA FAMILIA | G78: APORTE DEL PROYECTO
C79: ARTICULO | D79: CANTIDAD | E79: VALOR UNI | F79: VALOR TOTAL | G79: ARTICULO | H79: CANTIDAD | I79: VALOR UNI | J79: VALOR TOTAL
C80: Colinos de plátano | D80: 200 | E80: 5000 | F80: =D80*E80 -> 1000000 | G80: Árboles de limon Taihti | H80: 5 | I80: 15000 | J80: =H80*I80 -> 75000 | K80: Falta alambre para el cerco
C81: Piña | D81: 30 | E81: 2000 | F81: =D81*E81 -> 60000 | G81: Árboles de naraja valencia | H81: 10 | I81: 15000 | J81: =H81*I81 -> 150000
C82: Yuca | D82: 100 | E82: 1000 | F82: =D82*E82 -> 100000 | G82: Árboles de mango tomy | H82: 5 | I82: 15000 | J82: =H82*I82 -> 75000
A83: 540 | E83: 5000 | F83: =D83*E83 -> 0 | G83: Árboles de aguacate lorena | H83: 10 | I83: 15000 | J83: =H83*I83 -> 150000
F84: =D84*E84 -> 0 | G84: Árboles de castaño | H84: 10 | I84: 15000 | J84: =H84*I84 -> 150000
F85: =D85*E85 -> 0 | G85: Árboles de Sapote | H85: 5 | I85: 8000 | J85: =H85*I85 -> 40000
F86: =D86*E86 -> 0 | G86: Árboles de copoazú | H86: 10 | I86: 8000 | J86: =H85*I86 -> 40000
F87: =D87*E87 -> 0 | G87: Árboles de araza | H87: 10 | I87: 8000 | J87: =H86*I87 -> 80000
F88: =D88*E88 -> 0 | G88: Palmas de chontaduro | H88: 10 | I88: 8000 | J88: =H87*I88 -> 80000
F89: =D89*E89 -> 0 | G89: Árboles de borojo | H89: 15 | I89: 5000 | J89: =H88*I89 -> 50000
G90: Árboles de guayaba pera | H90: 10
F93: =D93*E93 -> 0
F94: =D94*E94 -> 0 | G94: Caneca de 55 galones con tapa | H94: 1 | I94: 194000 | J94: =H94*I94 -> 194000
F95: =D95*E95 -> 0 | G95: Sulfato de magnesio x Kilo | H95: 2 | I95: 8667 | J95: =H95*I95 -> 17334
F96: =D96*E96 -> 0 | G96: Sulfato de Zinc x Kilo | H96: 2 | I96: 13333 | J96: =H96*I96 -> 26666
F97: =D97*E97 -> 0 | G97: Sulfato de Cobre x Kilo | H97: 1 | I97: 42667 | J97: =H97*I97 -> 42667
F98: =D98*E98 -> 0 | G98: Sulfato de Potasio x kilo | H98: 1 | I98: 13333 | J98: =H98*I98 -> 13333
F99: =D99*E99 -> 0 | G99: Sulfato de Azufre x kilo | H99: 1 | I99: 7333 | J99: =H99*I99 -> 7333
F100: =D100*E100 -> 0 | G100: Sulfato de Manganeso x 300 gramos | H100: 1 | I100: 12000 | J100: =H100*I100 -> 12000
F101: =D101*E101 -> 0 | G101: Sulfato de Calcio x kilo | H101: 2 | I101: 7333 | J101: =H101*I101 -> 14666 | L101: 29
F102: =D102*E102 -> 0 | G102: Sulfato de Borax X kg | H102: 2 | I102: 18000 | J102: =H102*I102 -> 36000
G103: Sulfato de molibdeno x 100 gr | H103: 1 | I103: 70000 | J103: =H103*I103 -> 70000
G104: Cloruro de cobalto x 100 gr | H104: 1 | I104: 70000 | J104: =H104*I104 -> 70000
G105: Sulfato de fosforo x 500 gr | H105: 1 | I105: 12000 | J105: =H105*I105 -> 12000
C106: Mano de obra | D106: 5 | E106: 5000 | G106: Levadura x libra | H106: 2 | I106: 16000 | J106: =H106*I106 -> 32000
G107: Miel de purga x 30 kilos | H107: 1 | I107: 40000 | J107: =H107*I107 -> 40000
G108: Cal 40 x litro | H108: 3 | I108: 42000 | J108: =H108*I108 -> 126000
G109: serrucho curvo para poda | H109: 1 | I109: 40000 | J109: =H109*I109 -> 40000
G110: Desgarretadora aerea | H110: 1 | I110: 80000 | J110: =H110*I110 -> 80000
G111: Tijera de podar N° 9 | H111: 1 | I111: 70000 | J111: =H111*I111 -> 70000
G112: Micorriza x bulto | H112: 2 | I112: 40000 | J112: =H112*I112 -> 80000
G113: Tricalcio bulto x 50 kilos | H113: 2 | I113: 50000 | J113: =H113*I113 -> 100000
...

Sheet Victor_Bonilla
B7: ACTIVIDADES DE INVERSION FAMILIA: _Victor Alfonso Bonilla
B8: ACTIVIDAD # 1. Implementación de 19 hectáreas de sistema silvopastoril de 7 potreros se sacan 20 potreros de 0,5 hectareas
B9: SUB ACTIVIDAD | C9: APORTE DE LA FAMILIA | G9: APORTE DEL PROYECTO
C10: ARTICULO | D10: CANTIDAD | E10: VALOR UNI | F10: VALOR TOTAL | G10: ARTICULO | H10: CANTIDAD | I10: VALOR UNI | J10: VALOR TOTAL
C11: Estantillos y mano de obra | D11: 500 | E11: 30000 | F11: =D11*E11 -> 15000000 | G11: Alambre de cerca Calibre 14 x Rollo x 1000 Metros Puma | H11: 5 | I11: 270000 | J11: =H11*I11 -> 1350000 | K11: 1226 | L11: Más alambre para corredor | O11: =K11/7 -> 175.14286
G12: Aislador Pera bolsa*25 Marca Súper Fox | H12: 2 | I12: 35000 | J12: =H12*I12 -> 70000
F13: =D13*E13 -> 0 | G13: Tensor pequeño 500 metros punto rojo | H13: 30 | I13: 5000 | J13: =H13*I13 -> 150000 | L13: 111 | N13: =K11*2 -> 2452
F14: =D14*E14 -> 0 | G14: Alambre aislador rollo*50 Súper Fox | H14: 2 | I14: 60000 | J14: =H14*I14 -> 120000 | L14: =165*2 -> 330 | M14: Aislamiento | P14: =D11*2 -> 1000
F15: =D15*E15 -> 0 | G15: Aisldor Puntila bolsa x 100 unidades | H15: 10 | I15: 38000 | J15: =H15*I15 -> 380000 | L15: 138
F16: =D16*E16 -> 0 | G16: Puntilla de 3" | H16: 10 | I16: 6000 | J16: =H16*I16 -> 60000 | L16: 121
F17: =D17*E17 -> 0 | L17: 106
F18: =D18*E18 -> 0 | L18: =210*2 -> 420 | M18: Corredor | N18: 223 | O18: =N18*4 -> 892
B19: SUBTOTAL | F19: =SUM(F11:F18) -> 15000000 | G19: SUBTOTAL | J19: =SUM(J11:J18) -> 2130000 | M19: SAF
L20: =SUM(L13:L19) -> 1226
B21: ACTIVIDAD # 2. Implementación de 800 metros de acueducto ganadero
B22: SUB ACTIVIDAD | C22: APORTE DE LA FAMILIA | G22: APORTE DEL PROYECTO
C23: ARTICULO | D23: CANTIDAD | E23: VALOR UNI | F23: VALOR TOTAL | G23: ARTICULO | H23: CANTIDAD | I23: VALOR UNI | J23: VALOR TOTAL
B24: Adecuación de acueducto ganader | C24: Torre para tanque | D24: 1 | E24: 2000000 | F24: =D24*E24 -> 2000000 | G24: Tanque Plástico 2000 Litros Alto con tapa x Unidad Proco | H24: 1 | I24: 1088000 | J24: =H24*I24 -> 1088000
C25: Mano de obra | D25: 15 | E25: 90000 | F25: =D25*E25 -> 1350000 | G25: Tubo PVC 1 pulgada x 6m presion | H25: 2 | I25: 35000 | J25: =H25*I25 -> 70000
G26: Tubo PVC 1 1/2" pulgada x 6m presion | H26: 2 | I26: 45000 | J26: =H26*I26 -> 90000
F27: =D27*E27 -> 0 | G27: T Lisa de PVC de 1" | H27: 1 | I27: 1333 | J27: =H27*I27 -> 1333
C28: Aljibe | D28: 1 | E28: 300000 | F28: =D28*E28 -> 300000 | G28: Llave de paso de PVC 1" | H28: 2 | I28: 32000 | J28: =H28*I28 -> 64000
G29: Llave de paso de PVC 1 1/2" | H29: 1 | I29: 40000 | J29: =H29*I29 -> 40000 | L29: =SUM(L14:L28) -> 2341
F30: =D30*E30 -> 0 | G30: Unión universal de 1" | H30: 1 | I30: 11000 | J30: =H30*I30 -> 11000
G31: Unión universal de 1 1/2"" | H31: 2 | I31: 13000 | J31: =H31*I31 -> 26000
G32: Unión PVC de 1 1/2" | H32: 3 | I32: 5900 | J32: =H32*I32 -> 17700
F33: =D33*E33 -> 0 | G33: Codo PVC de 1" | H33: 2 | I33: 2000 | J33: =H33*I33 -> 4000
G34: Codo PVC de 1 1/2" | H34: 5 | I34: 5000 | J34: =H34*I34 -> 25000
F35: =D35*E35 -> 0 | G35: Reducción de PVC de 1" a 3/4" | H35: 2 | I35: 1333 | J35: =H35*I35 -> 2666
F36: =D36*E36 -> 0 | G36: Inserto 3/4" de manguera a tubo x unidad | H36: 18 | I36: 4000 | J36: =H36*I36 -> 72000
G37: T para manguera de 3/4" | H37: 2 | I37: 3000 | J37: =H37*I37 -> 6000
G38: Inserto 1/2" de manguera a tubo x unidad | H38: 6 | I38: 2000 | J38: =H38*I38 -> 12000
G39: Inserto de PVC de 1" ½" | H39: 3
F40: =D40*E40 -> 0 | G40: Manguera PP 3/4x100 C40 Peletizada Rollo x 100 Metros | H40: 8 | I40: 146667 | J40: =H40*I40 -> 1173336
G41: Manguera PP 1 1/2"x100 C40 Peletizada Rollo x 100 Metros | H41: 2 | I41: 200000 | J41: =H41*I41 -> 400000
F42: =D42*E42 -> 0 | G42: T 3/4" salida rosca presion x unidad | H42: 7 | I42: 2000 | J42: =H42*I42 -> 14000
F43: =D43*E43 -> 0 | G43: Codo PVC de 3/4" con rosca | H43: 3 | I43: 1333 | J43: =H43*I43 -> 3999
F44: =D44*E44 -> 0 | G44: Hidrantes de 3/4" | H44: 6 | I44: 38000 | J44: =H44*I44 -> 228000
F45: =D45*E45 -> 0 | G45: unión de manguera 3/4" | H45: 7 | I45: 2700 | J45: =H45*I45 -> 18900
G46: Unión de manguera 1 1/2" | H46: 1 | I46: 2700 | J46: =H46*I46 -> 2700
F47: =D47*E47 -> 0 | G47: bayoneta de 1/2" | H47: 2 | I47: 16000 | J47: =H47*I47 -> 32000 | L47: 130
G48: Adaptador hembra de 1/2" | H48: 4 | I48: 533 | J48: =H48*I48 -> 2132
G49: Adaptador macho de 1/2" | H49: 4 | I49: 533 | J49: =H49*I49 -> 2132
G50: Adaptador macho de 1 1/2" | H50: 1 | I50: 5000 | J50: =H50*I50 -> 5000
G51: Adaptador macho de 1 1/4" | H51: 1 | I51: 5000 | J51: =H51*I51 -> 5000
G52: Reducción de PVC de 1 1/2" a 1 1/4" | H52: 1 | I52: 3000 | J52: =H52*I52 -> 3000
G53: Empaque de 1/2" en llanta | H53: 4 | I53: 3000 | J53: =H53*I53 -> 12000
F54: =D54*E54 -> 0 | G54: Manguera Bicolor de 1/2" x metro | H54: 10 | I54: 5333 | J54: =H54*I54 -> 53330
G55: Caneca de 55 galones sellada | H55: 1 | I55: 160000 | J55: =H55*I55 -> 160000
G56: Florador de 1/2" en bronce con varilla y bola | H56: 2 | I56: 53333 | J56: =H56*I56 -> 106666
G57: Kit Electrobomba Solar Kolosal de 80 de cabeza 2 paneles 600 WATT | H57: 1 | I57: 3633300 | J57: =H57*I57 -> 3633300
G58: Cable encuechetado 12x3 | H58: 20 | I58: 20000 | J58: =H58*I58 -> 400000
B59: SUBTOTAL | F59: =SUM(F24:F55) -> 3650000 | G59: SUBTOTAL | J59: =SUM(J24:J58) -> 7785194
B61: ACTIVIDAD # 3. Implementación de 600 metros de cerca viva para sombrió en potrero y 270 metros de orilla de nacimiento
B62: SUB ACTIVIDAD | C62: APORTE DE LA FAMILIA | G62: APORTE DEL PROYECTO
C63: ARTICULO | D63: CANTIDAD | E63: VALOR UNI | F63: VALOR TOTAL | G63: ARTICULO | H63: CANTIDAD | I63: VALOR UNI | J63: VALOR TOTAL
G64: Árboles de marfil | H64: 50 | I64: 1500 | J64: =H64*I64 -> 75000 | L64: =200/4 -> 50
C65: Mano de obra | D65: 5 | E65: 90000 | F65: =D65*E65 -> 450000 | G65: Árboles de ahumado chipo | H65: 50 | I65: 1500 | J65: =H65*I65 -> 75000
F66: =D66*E66 -> 0 | G66: Árbol de yopo | H66: 50 | I66: 1500 | J66: =H66*I66 -> 75000
G67: Árboles de ahumado pajarito | H67: 50 | I67: 1500 | J67: =H67*I67 -> 75000
L68: =600/3 -> 200
B72: SUBTOTAL | F72: =SUM(F65:F71) -> 450000 | G72: SUBTOTAL | J72: =SUM(J64:J71) -> 300000
B74: ACTIVIDAD # 4. Implementación de 1 hectáreas de SAF con frutales y pan coger
B75: SUB ACTIVIDAD | C75: APORTE DE LA FAMILIA | G75: APORTE DEL PROYECTO
C76: ARTICULO | D76: CANTIDAD | E76: VALOR UNI | F76: VALOR TOTAL | G76: ARTICULO | H76: CANTIDAD | I76: VALOR UNI | J76: VALOR TOTAL
C77: Colinos de plátano | D77: 200 | E77: 5000 | F77: =D77*E77 -> 1000000 | G77: Árboles de limon Taihti | H77: 5 | I77: 15000 | J77: =H77*I77 -> 75000 | K77: Falta alambre para el cerco
C78: Piña | D78: 30 | E78: 2000 | F78: =D78*E78 -> 60000 | G78: Árboles de naraja valencia | H78: 5 | I78: 15000 | J78: =H78*I78 -> 75000
C79: Yuca | D79: 100 | E79: 1000 | F79: =D79*E79 -> 100000 | G79: Árboles de mango tomy | H79: 5 | I79: 15000 | J79: =H79*I79 -> 75000
A80: 540 | E80: 5000 | F80: =D80*E80 -> 0 | G80: Árboles de aguacate lorena | H80: 5 | I80: 15000 | J80: =H80*I80 -> 75000
F81: =D81*E81 -> 0 | G81: Árboles de castaño | H81: 5 | I81: 15000 | J81: =H81*I81 -> 75000
F82: =D82*E82 -> 0 | G82: Árboles de Sapote | H82: 5 | I82: 8000 | J82: =H82*I82 -> 40000
F83: =D83*E83 -> 0 | G83: Árboles de copoazú | H83: 5 | I83: 8000 | J83: =H82*I83 -> 40000
F84: =D84*E84 -> 0 | G84: Árboles de araza | H84: 5 | I84: 8000 | J84: =H83*I84 -> 40000
F85: =D85*E85 -> 0 | G85: Palmas de chontaduro | H85: 5 | I85: 8000 | J85: =H84*I85 -> 40000
F86: =D86*E86 -> 0 | G86: Árboles de borojo | H86: 5 | I86: 5000 | J86: =H85*I86 -> 25000
G87: Árboles de guayaba pera | H87: 5
F90: =D90*E90 -> 0
F91: =D91*E91 -> 0 | G91: Caneca de 55 galones con tapa | H91: 1 | I91: 194000 | J91: =H91*I91 -> 194000
F92: =D92*E92 -> 0 | G92: Sulfato de magnesio x Kilo | H92: 2 | I92: 8667 | J92: =H92*I92 -> 17334
F93: =D93*E93 -> 0 | G93: Sulfato de Zinc x Kilo | H93: 2 | I93: 13333 | J93: =H93*I93 -> 26666
F94: =D94*E94 -> 0 | G94: Sulfato de Cobre x Kilo | H94: 1 | I94: 42667 | J94: =H94*I94 -> 42667
F95: =D95*E95 -> 0 | G95: Sulfato de Potasio x kilo | H95: 1 | I95: 13333 | J95: =H95*I95 -> 13333
F96: =D96*E96 -> 0 | G96: Sulfato de Azufre x kilo | H96: 1 | I96: 7333 | J96: =H96*I96 -> 7333
F97: =D97*E97 -> 0 | G97: Sulfato de Manganeso x 300 gramos | H97: 1 | I97: 12000 | J97: =H97*I97 -> 12000
F98: =D98*E98 -> 0 | G98: Sulfato de Calcio x kilo | H98: 2 | I98: 7333 | J98: =H98*I98 -> 14666 | L98: 29
F99: =D99*E99 -> 0 | G99: Sulfato de Borax X kg | H99: 2 | I99: 18000 | J99: =H99*I99 -> 36000
G100: Sulfato de molibdeno x 100 gr | H100: 1 | I100: 70000 | J100: =H100*I100 -> 70000
G101: Cloruro de cobalto x 100 gr | H101: 1 | I101: 70000 | J101: =H101*I101 -> 70000
G102: Sulfato de fosforo x 500 gr | H102: 1 | I102: 12000 | J102: =H102*I102 -> 12000
C103: Mano de obra | D103: 5 | E103: 5000 | G103: Levadura x libra | H103: 2 | I103: 16000 | J103: =H103*I103 -> 32000
G104: Miel de purga x 30 kilos | H104: 1 | I104: 40000 | J104: =H104*I104 -> 40000
G105: Cal 40 x litro | H105: 3 | I105: 42000 | J105: =H105*I105 -> 126000
G106: serrucho curvo para poda | H106: 1 | I106: 40000 | J106: =H106*I106 -> 40000
G107: Desgarretadora aerea | H107: 1 | I107: 80000 | J107: =H107*I107 -> 80000
G108: Tijera de podar N° 9 | H108: 1 | I108: 70000 | J108: =H108*I108 -> 70000
G109: Micorriza x bulto | H109: 2 | I109: 40000 | J109: =H109*I109 -> 80000
G110: Tricalcio bulto x 50 kilos | H110: 2 | I110: 50000 | J110: =H110*I110 -> 100000
G111: Basacote
B112: SUBTOTAL | F112: =SUM(F77:F105) -> 1160000 | G112: SUBTOTAL | J112: =SUM(J77:J111) -> 1643999
B114: ACTIVIDAD # 5. Implementación de un corredor de conectividad de 210 metros de largo x 10 metros de ancho y un aislamiento de 165 metros de largo x 10 de ancho
...

Sheet Cenaida
B7: ACTIVIDADES DE INVERSION FAMILIA: _Cenaida Quitero | N7: =13*4 -> 52
B8: ACTIVIDAD # 1. Implementación de 14,5 hectáreas de sistema silvopastoril de 5 potreros se sacan 16 potreros de 1 hectarea aprximada | N8: =13*6 -> 78
B9: SUB ACTIVIDAD | C9: APORTE DE LA FAMILIA | G9: APORTE DEL PROYECTO
C10: ARTICULO | D10: CANTIDAD | E10: VALOR UNI | F10: VALOR TOTAL | G10: ARTICULO | H10: CANTIDAD | I10: VALOR UNI | J10: VALOR TOTAL | K10: 1.82
C11: Estantillos y mano de obra | D11: 400 | E11: 30000 | F11: =D11*E11 -> 12000000 | G11: Alambre de cerca Calibre 14 x Rollo x 1000 Metros Puma | H11: 10 | I11: 270000 | J11: =H11*I11 -> 2700000 | K11: 1.93
G12: Aislador Pera bolsa*25 Marca Súper Fox | H12: 6 | I12: 35000 | J12: =H12*I12 -> 210000 | K12: 1.22 | L12: 100 | N12: =L24*3 -> 4701 | O12: Alambre
F13: =D13*E13 -> 0 | G13: Tensor pequeño 500 metros punto rojo | H13: 80 | I13: 5000 | J13: =H13*I13 -> 400000 | K13: 9.48 | L13: 98
F14: =D14*E14 -> 0 | G14: Alambre aislador rollo*50 Súper Fox | H14: 2 | I14: 60000 | J14: =H14*I14 -> 120000 | L14: 94 | N14: 224 | O14: estantillos ssp
F15: =D15*E15 -> 0 | G15: Aisldor Puntila bolsa x 100 unidades | H15: 11 | I15: 38000 | J15: =H15*I15 -> 418000 | L15: 55
F16: =D16*E16 -> 0 | G16: Puntilla de 3" | H16: 11 | I16: 6000 | J16: =H16*I16 -> 66000 | L16: 236 | N16: =L24*2 -> 3134 | O16: Alambre cerca viva
F17: =D17*E17 -> 0 | L17: 46
F18: =D18*E18 -> 0 | L18: 56
B19: SUBTOTAL | F19: =SUM(F11:F18) -> 12000000 | G19: SUBTOTAL | J19: =SUM(J11:J18) -> 3914000 | L19: 99 | N19: 15 | O19: Estantillos SAF
L20: 171
B21: ACTIVIDAD # 2. Implementación de 1000 metros de acueducto ganadero | L21: 90 | N21: 157 | O21: Estantillos cerca viva
B22: SUB ACTIVIDAD | C22: APORTE DE LA FAMILIA | G22: APORTE DEL PROYECTO | L22: 87
C23: ARTICULO | D23: CANTIDAD | E23: VALOR UNI | F23: VALOR TOTAL | G23: ARTICULO | H23: CANTIDAD | I23: VALOR UNI | J23: VALOR TOTAL | L23: 435 | N23: =N21+N19+N14 -> 396 | O23: Estantillos en total
B24: Adecuación de acueducto ganader | C24: Torre para tanque | D24: 1 | E24: 2000000 | F24: =D24*E24 -> 2000000 | G24: Tanque Plástico 2000 Litros Alto con tapa x Unidad Proco | H24: 1 | I24: 1088000 | J24: =H24*I24 -> 1088000 | L24: =SUM(L12:L23) -> 1567 | M24: Cerca viva
C25: Mano de obra | D25: 15 | E25: 90000 | F25: =D25*E25 -> 1350000 | G25: Tubo PVC 1 pulgada x 6m presion | H25: 2 | I25: 35000 | J25: =H25*I25 -> 70000 | N25: =N14*3 -> 672 | O25: Aislador puntilla ssp
G26: Tubo PVC 1 1/2" pulgada x 6m presion | H26: 2 | I26: 45000 | J26: =H26*I26 -> 90000 | N26: =N21*2 -> 314 | O26: Aislador puntillacercav viva
F27: =D27*E27 -> 0 | G27: T Lisa de PVC de 1" | H27: 1 | I27: 1333 | J27: =H27*I27 -> 1333
C28: Aljibe | D28: 1 | E28: 300000 | F28: =D28*E28 -> 300000 | G28: Llave de paso de PVC 1" | H28: 2 | I28: 32000 | J28: =H28*I28 -> 64000
G29: Llave de paso de PVC 1 1/2" | H29: 1 | I29: 40000 | J29: =H29*I29 -> 40000 | L29: =SUM(L14:L28) -> 2936
F30: =D30*E30 -> 0 | G30: Unión universal de 1" | H30: 1 | I30: 11000 | J30: =H30*I30 -> 11000
G31: Unión universal de 1 1/2"" | H31: 2 | I31: 13000 | J31: =H31*I31 -> 26000
G32: Unión PVC de 1 1/2" | H32: 3 | I32: 5900 | J32: =H32*I32 -> 17700 | L32: 229
F33: =D33*E33 -> 0 | G33: Codo PVC de 1" | H33: 2 | I33: 2000 | J33: =H33*I33 -> 4000 | L33: 677
G34: Codo PVC de 1 1/2" | H34: 5 | I34: 5000 | J34: =H34*I34 -> 25000 | L34: 66
F35: =D35*E35 -> 0 | G35: Reducción de PVC de 1" a 3/4" | H35: 2 | I35: 1333 | J35: =H35*I35 -> 2666 | L35: 123
F36: =D36*E36 -> 0 | G36: Inserto 3/4" de manguera a tubo x unidad | H36: 20 | I36: 4000 | J36: =H36*I36 -> 80000 | L36: =SUM(L32:L35) -> 1095 | M36: Manguera de 3/4"
G37: T para manguera de 3/4" | H37: 4 | I37: 3000 | J37: =H37*I37 -> 12000
G38: Inserto 1/2" de manguera a tubo x unidad | H38: 6 | I38: 2000 | J38: =H38*I38 -> 12000
G39: Inserto de PVC de 1" ½" | H39: 3
F40: =D40*E40 -> 0 | G40: Manguera PP 3/4x100 C40 Peletizada Rollo x 100 Metros | H40: 11 | I40: 146667 | J40: =H40*I40 -> 1613337
G41: Manguera PP 1 1/2"x100 C40 Peletizada Rollo x 100 Metros | H41: 3 | I41: 200000 | J41: =H41*I41 -> 600000
F42: =D42*E42 -> 0 | G42: T 3/4" salida rosca presion x unidad | H42: 7 | I42: 2000 | J42: =H42*I42 -> 14000
F43: =D43*E43 -> 0 | G43: Codo PVC de 3/4" con rosca | H43: 4 | I43: 1333 | J43: =H43*I43 -> 5332
F44: =D44*E44 -> 0 | G44: Hidrantes de 3/4" | H44: 8 | I44: 38000 | J44: =H44*I44 -> 304000
F45: =D45*E45 -> 0 | G45: unión de manguera 3/4" | H45: 10 | I45: 2700 | J45: =H45*I45 -> 27000
G46: Unión de manguera 1 1/2" | H46: 2 | I46: 2700 | J46: =H46*I46 -> 5400
F47: =D47*E47 -> 0 | G47: bayoneta de 1/2" | H47: 2 | I47: 16000 | J47: =H47*I47 -> 32000
G48: Adaptador hembra de 1/2" | H48: 4 | I48: 533 | J48: =H48*I48 -> 2132
G49: Adaptador macho de 1/2" | H49: 4 | I49: 533 | J49: =H49*I49 -> 2132
G50: Adaptador macho de 1 1/2" | H50: 1 | I50: 5000 | J50: =H50*I50 -> 5000
G51: Adaptador macho de 1 1/4" | H51: 1 | I51: 5000 | J51: =H51*I51 -> 5000
G52: Reducción de PVC de 1 1/2" a 1 1/4" | H52: 1 | I52: 3000 | J52: =H52*I52 -> 3000
G53: Empaque de 1/2" en llanta | H53: 4 | I53: 3000 | J53: =H53*I53 -> 12000
F54: =D54*E54 -> 0 | G54: Manguera Bicolor de 1/2" x metro | H54: 10 | I54: 5333 | J54: =H54*I54 -> 53330
G55: Caneca de 55 galones sellada | H55: 1 | I55: 160000 | J55: =H55*I55 -> 160000
G56: Florador de 1/2" en bronce con varilla y bola | H56: 2 | I56: 53333 | J56: =H56*I56 -> 106666
G57: Kit Electrobomba Solar Kolosal de 80 de cabeza 2 paneles 600 WATT | H57: 1 | I57: 3633300 | J57: =H57*I57 -> 3633300
G58: Cable para panel x 2 metro con conector (positivo y negativo) | H58: 2
G59: Cable encuechetado 12x3 | H59: 20 | I59: 20000 | J59: =H59*I59 -> 400000
B60: SUBTOTAL | F60: =SUM(F24:F55) -> 3650000 | G60: SUBTOTAL | J60: =SUM(J24:J59) -> 8527328
B62: ACTIVIDAD # 3. Implementación de 1.567 metros de cerca viva para sombrió en potrero
B63: SUB ACTIVIDAD | C63: APORTE DE LA FAMILIA | G63: APORTE DEL PROYECTO
C64: ARTICULO | D64: CANTIDAD | E64: VALOR UNI | F64: VALOR TOTAL | G64: ARTICULO | H64: CANTIDAD | I64: VALOR UNI | J64: VALOR TOTAL
G65: Árboles de marfil | H65: 105 | I65: 1500 | J65: =H65*I65 -> 157500
C66: Mano de obra | D66: 5 | E66: 90000 | F66: =D66*E66 -> 450000 | G66: Árboles de ahumado chipo | H66: 105 | I66: 1500 | J66: =H66*I66 -> 157500
F67: =D67*E67 -> 0 | G67: Árbol de yopo | H67: 105 | I67: 1500 | J67: =H67*I67 -> 157500
G68: Árboles de ahumado pajarito | H68: 105 | I68: 1500 | J68: =H68*I68 -> 157500
G69: Árbol de espadero | H69: 105 | I69: 1500 | J69: =H69*I69 -> 157500
B72: SUBTOTAL | F72: =SUM(F66:F71) -> 450000 | G72: SUBTOTAL | J72: =SUM(J65:J71) -> 787500
B74: ACTIVIDAD # 4. Implementación de 0,75 hectáreas de SAF con frutales y pan coger
B75: SUB ACTIVIDAD | C75: APORTE DE LA FAMILIA | G75: APORTE DEL PROYECTO
C76: ARTICULO | D76: CANTIDAD | E76: VALOR UNI | F76: VALOR TOTAL | G76: ARTICULO | H76: CANTIDAD | I76: VALOR UNI | J76: VALOR TOTAL
C77: Colinos de plátano | D77: 300 | E77: 5000 | F77: =D77*E77 -> 1500000 | G77: Árboles de limon Taihti | H77: 5 | I77: 15000 | J77: =H77*I77 -> 75000 | K77: Falta alambre para el cerco
C78: Piña | D78: 150 | E78: 2000 | F78: =D78*E78 -> 300000 | G78: Árboles de naraja valencia | H78: 10 | I78: 15000 | J78: =H78*I78 -> 150000
C79: Yuca | D79: 300 | E79: 1000 | F79: =D79*E79 -> 300000 | G79: Árboles de mango tomy | H79: 5 | I79: 15000 | J79: =H79*I79 -> 75000
A80: 540 | C80: Caña | D80: 100 | E80: 5000 | F80: =D80*E80 -> 500000 | G80: Árboles de aguacate lorena | H80: 10 | I80: 15000 | J80: =H80*I80 -> 150000 | M80: Cadena productiva distinta para Solano
C81: Bore | D81: 20 | E81: 5000 | F81: =D81*E81 -> 100000 | G81: Árboles de castaño | H81: 10 | I81: 15000 | J81: =H81*I81 -> 150000
F82: =D82*E82 -> 0 | G82: Árboles de Sapote | H82: 5 | I82: 8000 | J82: =H82*I82 -> 40000 | M82: Asai
C83: Mano de obra | D83: 7 | E83: 90000 | F83: =D83*E83 -> 630000 | G83: Árboles de copoazú | H83: 10 | I83: 8000 | J83: =H82*I83 -> 40000 | M83: Copoazú
F84: =D84*E84 -> 0 | G84: Árboles de araza | H84: 10 | I84: 8000 | J84: =H83*I84 -> 80000
F85: =D85*E85 -> 0 | G85: Palmas de chontaduro | H85: 10 | I85: 8000 | J85: =H84*I85 -> 80000
F86: =D86*E86 -> 0 | G86: Árboles de borojo | H86: 5 | I86: 5000 | J86: =H85*I86 -> 50000
G87: Árboles de guayaba pera | H87: 5 | I87: 5000 | J87: =H86*I87 -> 25000
G88: Árbol de uva caimarona | H88: 5 | I88: 5000 | J88: =H87*I88 -> 25000
G89: Árbol del pan | H89: 5 | I89: 5000 | J89: =H88*I89 -> 25000
G90: Árbol de caimo | H90: 5 | I90: 5000 | J90: =H89*I90 -> 25000
G91: Arboles de ayaca | H91: 5 | I91: 15000 | J91: =H90*I91 -> 75000
F92: =D92*E92 -> 0
F93: =D93*E93 -> 0 | G93: Caneca de 55 galones con tapa | H93: 1 | I93: 194000 | J93: =H93*I93 -> 194000
F94: =D94*E94 -> 0 | G94: Sulfato de magnesio x Kilo | H94: 2 | I94: 8667 | J94: =H94*I94 -> 17334
F95: =D95*E95 -> 0 | G95: Sulfato de Zinc x Kilo | H95: 2 | I95: 13333 | J95: =H95*I95 -> 26666
F96: =D96*E96 -> 0 | G96: Sulfato de Cobre x Kilo | H96: 1 | I96: 42667 | J96: =H96*I96 -> 42667
F97: =D97*E97 -> 0 | G97: Sulfato de Potasio x kilo | H97: 1 | I97: 13333 | J97: =H97*I97 -> 13333
F98: =D98*E98 -> 0 | G98: Sulfato de Azufre x kilo | H98: 1 | I98: 7333 | J98: =H98*I98 -> 7333
F99: =D99*E99 -> 0 | G99: Sulfato de Manganeso x 300 gramos | H99: 1 | I99: 12000 | J99: =H99*I99 -> 12000
F100: =D100*E100 -> 0 | G100: Sulfato de Calcio x kilo | H100: 2 | I100: 7333 | J100: =H100*I100 -> 14666 | L100: 29
F101: =D101*E101 -> 0 | G101: Sulfato de Borax X kg | H101: 2 | I101: 18000 | J101: =H101*I101 -> 36000
G102: Sulfato de molibdeno x 100 gr | H102: 1 | I102: 70000 | J102: =H102*I102 -> 70000
G103: Cloruro de cobalto x 100 gr | H103: 1 | I103: 70000 | J103: =H103*I103 -> 70000
G104: Sulfato de fosforo x 500 gr | H104: 1 | I104: 12000 | J104: =H104*I104 -> 12000
G105: Levadura x libra | H105: 2 | I105: 16000 | J105: =H105*I105 -> 32000
G106: Miel de purga x 30 kilos | H106: 1 | I106: 40000 | J106: =H106*I106 -> 40000
G107: Cal 40 x litro | H107: 3 | I107: 42000 | J107: =H107*I107 -> 126000
G108: serrucho curvo para poda | H108: 1 | I108: 40000 | J108: =H108*I108 -> 40000
G109: Desgarretadora aerea | H109: 1 | I109: 80000 | J109: =H109*I109 -> 80000
G110: Tijera de podar N° 9 | H110: 1 | I110: 70000 | J110: =H110*I110 -> 70000
...
